-0.292034457465972,-0.754290805231706,1.76432531033897,1.42217276523237,1.13121511766634,0.0181061136223383,1.62392085665237,1.61258821730078,1.67305029568086,1.10998084816586,-1.10393460124095,0.109216458516899,-0.499921938781699,-0.250078345445312,-1.21760998600004,1.03200218246416,1.15874317813695,-0.598661668290512,0.744818176286366,-0.401636622390698,-0.75841242379858,0.795106451586017,-0.928733868328522,-0.811763248698748,0.12532937055376,2.79621928343813,2.23699178974181,0.477763014824025,-0.16229091710212,0.387888614329117,0.790035717799756,0.935366101802189,1.17553914506218,-1.36101248310525,-0.243694790223082,2.018880844581,-1.08710757873971,0.540663147535808,0.105321818007568,-0.987987081620375,-1.23846154665053,-0.330841570251509,1.23948065134074,0.667789186187112,0.745693511505952,0.292573981265622,-1.32984780965327,-0.142362471055696,0.239141763658972,-1.22182022508813,1.00454945356414,-1.09190767658964,-0.435086206367401,-0.68523174986035,2.83474165851574,-0.674096839897343,0.188474637598239,-0.786756989133539,1.82038966636425,-2.59704642900419,-0.300574311898448,-1.09199540069574,0.178328764402732,0.838042327454115,-0.916616223352893,3.26404137761149,0.477120444267962,-0.9274141715498,0.569040699564809,-0.369440980844092,-0.88418332826065,0.48317759698236,-1.99156914815941,-0.436792760329265,-0.792085949894071,-0.396154517425707,-0.299253026128653,-0.331061243177733,-0.276927175977864,1.47940667625535,0.429398247100562,-1.11530637037205,0.589551441558334,-1.4533698810113,-1.59422608665655,-0.328662200157588,-0.881162773307536,-1.96948182183564,-0.219539100717985,0.165446964922511,-1.26261835373166,0.445731213812722,-2.20363747926357,-0.0447428173935784,1.3265099222234,1.40527900480607,0.376479003672685,1.62401923667469,0.65610064415831,1.11779591288321
0.325526771157802,-0.482093055044525,0.306797451069434,0.00755202639291208,0.415111234883841,0.405605258471222,1.24936804864114,-0.455248496733395,0.664516309388477,0.299901188894948,-0.342166954691517,0.154223949458525,1.78586731877149,0.000530341373054531,-0.867796647896567,-0.574162757055065,1.51139255819231,-0.959409427988261,-0.644477378607241,0.652354004927213,-0.761301517358847,-1.9829081285792,-1.99889874258568,0.603117191720826,-0.660389330309958,0.520256084730225,-0.990424025305244,0.69747375658147,0.302592019737789,-1.80695061346205,0.227821324167856,-0.567247175818738,0.202147514963851,-1.7647430585071,-0.133426649420408,-0.235048669622407,-0.532637773893095,0.140846066724115,-0.85858840742922,0.0438239459268971,-0.692658012623656,-0.585845070280443,-0.826076417766768,0.178277722085832,1.57734086484045,-0.806014221692564,0.616552483056081,0.0214001479107939,1.20613901404932,-0.513971961459397,1.59325883521506,0.388570455542802,-1.51735632548917,-0.135175115445572,-0.262775366592114,-0.933535782386231,0.495658811207772,-1.43023387621446,1.846803629813,1.15866516704049,1.94492847036692,0.348863959251535,-1.11218899460951,-0.165070855275689,0.851458845164591,-0.6106381134085,1.62301081258645,-1.407990289405,0.669367887132634,-0.0737154407146324,0.371126600299675,-0.355997967308957,0.900480138607244,-1.45556960589848,-1.1492096432217,-0.0273776866901417,1.28263067409989,-0.597120380365873,1.86295284986826,1.73354088244586,-0.351286870523406,-1.9316132088517,-0.601559018138738,-0.503746640071345,-2.06191924311052,-0.0601817871087593,-0.899795793414745,0.106708474793907,-1.40218507609459,-1.41331647357845,0.387513379873072,0.931387894216578,-1.29973139910743,-1.96915375446557,-0.838192309989635,-0.370264823167078,2.23986822213188,0.664606188161242,-1.17936437979832,-0.303973048127061
0.374746488823625,-0.0559575842543125,-1.14041822604358,0.592103109306586,-0.915190543540269,1.11101020385561,0.571547051214694,1.32450116253817,-0.00959371374403512,0.171378831639721,0.607148806769686,1.0386515556426,0.287090052052905,-2.25831179919756,-0.206991924740598,-0.296094617919368,-0.266279305291764,-1.38029466619643,-0.622852165588217,-0.306142307754804,-0.339397716170727,0.785958794380936,-1.82626963894812,-0.587495428178663,0.837577109041195,1.22266405836091,1.67991888191745,1.40133165782221,0.614280538615379,-2.33592886927445,1.26748700051652,-0.108336022102747,0.355181365211991,0.22312933658275,0.476078832198853,-1.33522185191456,0.640337385988564,-0.0896025139460852,0.821354374960853,-0.216777712627275,0.103616863103697,1.2345389068643,-1.63186549144972,0.792010919603751,0.89781904744635,-0.441068238219418,0.142581978233346,0.698347453821839,1.21443863870173,1.56210143458154,0.272833703399026,2.08345844412156,0.352817732531467,-0.224988997970409,-1.83585678693821,0.343653958089824,0.293997188457425,-0.469403813631295,-1.34698446064007,2.01097132674387,0.701243745998736,2.20705123307571,-0.558965319068059,0.529495475422376,1.54778774251433,-0.572851027979817,1.15475644211744,1.11839865251535,0.775047630799847,-0.293497177662694,1.11062546888139,-0.185374126774336,0.0729916074958222,-0.440872281742751,1.04158694791502,0.912844296814201,1.97903715820807,-0.407495283031234,0.41021856255543,-0.585343822542735,-0.303097588758302,-0.157160301319284,-0.98378152953356,1.36499328244181,-0.172671033224293,0.43640697765862,0.980645808812888,1.36395624513173,-1.64631981127118,-0.803000533238151,0.380767465750045,-1.18152700804258,1.44324568499259,2.00891803124625,-2.1786715159356,-2.40757897901953,0.85982094688896,-1.20310073292431,-1.05496510773218,-0.234243509946029
0.348587832881586,0.111560604723679,-0.708665605528639,-0.0298994208740522,0.287062196740226,1.03146150992841,1.2840839686665,-0.344484331054575,-2.62370809048568,-0.0646465915468612,0.393156972124053,1.39163952550961,0.910684023162993,-1.52263268925002,2.04680085546351,-1.44326955190283,-1.05266039851675,-1.25565163561976,0.370710696336055,-0.326157073932441,0.442438069193188,-0.481569277953584,0.0632435041398309,1.2179671951881,-1.09578824052895,0.113537957478784,-0.726311453798791,3.13887172391271,-1.07598125768275,0.287488729947343,1.76132044697359,0.0760573637424752,-1.37521921013259,-0.165802763945374,0.301227523280742,-0.749846631833619,0.476799166126686,2.0538482917469,-0.233092136963008,-0.426608486543308,0.646801689698113,1.81222963580761,-0.686579071992355,0.594417141895214,-0.19331202931662,-0.743381733868707,-2.18058515627692,-1.39214822292387,0.414131180330214,-0.900777874859576,-1.21624238463396,-0.690280209267706,0.980873010268976,-0.993338948557129,-1.20433545012253,1.22133407500218,-0.607615453027782,-0.192534154580129,-1.75803090842321,-0.473372709903961,-1.49688333568185,1.34707591044102,-0.0646691212355363,0.869245915738013,0.018256824633981,0.168475482191202,-1.79987586369923,1.11506878933745,-1.22618346214722,-0.84813297585253,0.0549182145066366,2.55231330655285,0.418501315912518,1.84955052204333,-0.121722422943526,0.386551435739086,0.484778059219381,0.913460976554226,0.334346451248568,-0.550312270553947,1.34743452795805,1.19528016265079,0.792168528198667,2.00818434274162,1.39709883990873,-0.489177734970645,0.480718241853961,0.943989565614418,0.626427190909776,0.834593602806484,-1.28323449852918,-1.74960582623472,1.93404130602775,2.60493268546599,0.696223533197682,-0.686045587619042,-1.01788873060574,0.201897774714325,0.0670596699399373,-0.32519972092618
1.48321329020947,-0.54440013632497,-0.0211766186834829,0.321936289732118,-0.00908730288147867,-0.989377423568563,0.592758220125094,-0.9452795116664,-1.08499044315153,0.290853236726879,-0.382524096603961,0.928176243115058,-1.16292812820165,-0.274000552396501,-0.684810665578073,-2.40367924828866,-1.0090890155772,0.609938835564808,0.562268497198044,0.759368091900278,0.587279328128113,0.634149886555017,1.63898481729177,0.426205936453627,1.89236354553547,-1.86139939450882,-1.41973086319674,1.11006536071933,-0.306568594800749,0.918723358473116,0.589698093709817,1.59158137879615,-1.59027869008996,-0.0923045947968574,-1.28535135102441,-0.393720145967502,-2.82968983338327,1.5023312333924,1.88615243149461,1.28227915303195,0.933604706747048,-1.01178803255255,-0.75355082148887,-1.02028595460516,-1.26307480859353,-0.575206074000636,-0.441816190336922,-0.659667353638181,0.636261495951662,-1.11525320499022,-0.318528654349897,-1.05417771068744,-0.14448295128207,-0.535808657691066,-0.279466112712516,0.619063590854977,-2.45384317419397,0.0228697717167962,-0.589937897394776,-0.945526522648209,-0.582014212938885,-0.433547759675522,1.29366845979923,0.487436706954005,-3.04339628511902,-0.506478495647069,-0.507104007777393,0.335941636756724,0.240856060155301,0.101207259749232,-1.96985582365954,2.08783897438895,-0.0974181007101017,2.31897263037019,-1.49776932803344,-1.0929083553928,-1.32338549568597,0.704812751133069,-0.862908584605705,-0.749303437125412,2.28940034028636,-0.313455772229523,0.719369859096624,0.0527543969374116,-0.216020893593668,-0.641816549333798,-0.544327508915931,-1.1696919700833,1.54560595695317,0.17152681091288,-1.21449741291408,0.498658880171104,0.0390754258794962,-0.289567240902887,0.899470095498319,1.05353552694886,-2.23431357434613,0.0366868009440846,-0.877380206308398,-0.643130279209596
0.684509048038169,0.581127105182679,0.421253507291776,-0.902329391353914,-0.239452026377157,-1.20413491405386,-1.23034536643701,2.06317888624518,-0.418358598144914,-0.20625646076885,-1.27572546015573,-0.0518864730232874,-0.00554153342529193,-0.275366617474017,0.289256380202601,-0.536232557754192,-0.544545261781674,1.04036789418035,1.29908304117097,0.163172372986156,-1.81035636105831,0.748665002317309,2.27997682744056,-0.00599022470156346,0.574646424845623,-0.247521234651739,0.0508317152007525,0.251002737153815,-0.345541471502505,-1.19588395804358,-0.361196969614428,0.273268206065428,-0.522511725439071,-1.20322516591362,-1.43760338865669,-0.94648954153001,-1.40372931113218,0.963311419436085,0.404442647395564,1.32725075377082,-0.154818189559111,-1.34321995899472,1.82478250972107,-0.342566917186861,0.634372007446665,0.61168836409326,-0.360196674005695,1.40050803344753,-0.21908087334264,-0.554601292587492,-0.264322991499908,-0.426698713503436,-0.864784472434118,-1.10198749512916,-0.289438641723264,0.635207234293332,1.73213888616754,-0.701116446724272,-0.399717068827759,2.20520225967574,1.020738121069,-0.69697644161524,-0.951149326055197,-0.0152288957633244,-1.00064362774697,-0.491317081684304,0.537089382682573,-0.0888743754938306,3.4003454554469,0.469819388893523,-1.30933771125885,-0.425124356984971,-0.885160049993074,-0.329359696334955,0.543338537254528,-0.281582484701495,-1.11910547335022,0.203996050335317,-1.80537159877488,0.766748690389628,0.79118781117568,1.12658203995843,-0.242023275712241,-0.946156386583816,-1.38837498788046,0.850203353490508,-1.64661827147315,-0.550157784461491,-0.0417865139203937,-0.202696513614179,2.24410170903984,1.78640899188902,-1.70252656839967,-1.06629397884603,0.356531680495332,1.17081558206849,-0.0828830866950596,1.10162212544728,-2.35932159338791,2.39943800168481
-1.04392745489349,0.807166538369212,-1.48467049726135,-1.16465883616157,-0.305483321747217,-1.48410467280481,-0.0820492059810918,-0.115090365790895,-1.29959213991325,0.888484274570234,0.653756594221227,-0.868970701516258,2.49454391243927,0.137585921985034,0.349581615860772,0.0803776424976537,-1.24187120322199,-0.700583446408288,-0.0373541864146897,-0.138001452663771,0.402420940798911,0.0753517505645659,2.00096246334064,0.766367789298707,-0.310713954373919,-1.78211017857901,0.420865879715421,1.86322521215914,-0.138309821325567,-0.50063144736142,-0.23065108557391,0.196357986993874,-1.00977659104946,-0.439514841517541,1.96218210548829,0.783460026491016,-1.18927485293602,-0.267294941694618,-0.219305883326005,-0.405158201775606,1.07598243733773,-1.15622993600499,1.02945319609288,2.03187170090872,0.970274448518815,-0.046504853321584,0.430533640036399,1.52846191592247,0.321559352335161,-1.63940625607612,-1.32605908173719,-0.582886538566021,-0.878873476296197,-0.757412707925562,-0.32924155597043,-1.06366030312395,1.63264622791303,-0.0322217612901213,-1.38471439551368,1.44507527757358,0.97081164909176,-0.516361606870239,-2.50051632091976,-0.569206482216729,1.12027689477962,1.9371724421852,-0.92647979774543,1.55380760895333,2.00709856436923,0.503073626823758,1.78908246570306,-0.733411123676083,-0.405554512157058,-1.4069524771178,1.08938531627307,1.90859427514573,1.32284934566545,-1.57620765884999,0.0694005060539982,0.773844902045888,-0.296187931235561,-0.91206557127106,0.525494169191358,-0.297549247366141,-0.618209024907975,1.61714526271037,0.0811743864969608,-0.698412993409711,-1.52923726049723,-0.285277978830721,0.77845945525814,-0.88270976308867,-0.170011469974046,0.26867245571395,0.135658100679698,1.59991990690097,1.49533921096318,-0.384915663938265,0.0214963116538727,2.27050687169828
-1.22222882709512,0.409670652484077,-0.547939868580739,-1.07277142831124,-0.490512903532313,1.14079810980252,-1.99934417840388,-1.78709988207442,0.345306829794781,0.344482693643151,1.88114177019635,-1.58427461112142,0.796871608377328,0.278242788402155,0.366730091971194,1.27360732076625,0.808240665190357,-2.01882817218451,-1.41223809390656,-0.501957735241837,0.355907517636113,-1.53867262857429,0.33409114924425,-0.483381880188539,1.28226160764314,0.298888132742743,1.00858370842919,-0.363369992143759,0.302603320064211,-0.247098718455934,0.786590885505843,1.55411765905479,-1.52695202324016,-0.282980485328116,-1.56868403976959,-0.234226613839427,0.201360583503549,0.0845238540625191,-0.48419627316514,0.675819175701175,-0.884074463765249,-0.979230377709641,-0.163110890937658,-0.619385011811591,-0.789054790800953,0.482917699014716,-0.513173370529629,-0.064107875396566,1.16883157481241,-1.20010562126788,-0.690199940455735,-0.0967127766982454,1.23821280257755,-1.38409681557259,-1.35702047666733,-1.51666763469534,0.0919275708423014,0.623284417631391,-3.02388415500252,-0.345699646317917,-1.55823916410283,-0.266974227976744,0.22434705895747,-1.29134414781311,0.739523916846375,-0.900705517916825,-0.556683984146786,1.12962758303679,0.112622872985417,-0.00309441032672564,2.48381923013641,-0.183224698250479,-1.70166802158299,-0.360475693474928,-0.217589573047508,1.43368248428641,1.270955757409,-0.0517855717987152,0.871245197921991,0.0230428572317906,-0.479137905677344,-0.65318030551874,-0.143230402661312,0.592682332536395,1.34253462225716,-0.210179334414621,1.94157385291778,0.176134622330092,0.0206044855913085,-1.08803327859912,-1.75304648083425,-1.22483389938554,0.34619939229299,0.864121544327333,-1.69124199502359,-1.00735697812023,-0.265661997687717,0.216231136839248,1.46272759155322,-0.0135769217234987
0.08899697601065,-1.11910505216866,1.2572236019594,0.37411072484595,1.33484132578334,-1.24786927177081,1.75973591027726,0.309986607567948,-0.0737657328076443,-0.209910852647952,1.6317683573519,-0.95197151553928,0.095672447233043,1.50313095034648,-0.343680153261527,0.00407309257690691,0.296481052951689,-0.380801608391038,-2.00469252601563,1.55693283990768,0.249149320387223,-0.916816813227781,-0.441369460898884,-0.185686043715206,-0.281706890088699,0.644405776345511,-0.811075700975133,0.174901427413342,-0.48412596958484,0.214137617909967,-0.388144462016203,0.872972317504385,-1.08687443312347,2.7807762932784,-0.0722799634479154,0.750679548435804,-0.949846859744395,-0.706693483456569,-1.16135942134842,-0.474054360490994,1.19634294980453,0.283762002468641,-0.268103618745735,-0.602217016778234,-0.298687900511439,0.158926181863563,-1.75530158423434,0.895972430804308,-1.20011826875849,0.87695788264869,-0.789975400657546,-0.88519443144953,1.20112976833718,0.537013847666923,-0.440381724280858,0.563971937006169,-0.324066001892499,0.857896316221965,-0.841341323455222,-0.349636873927495,-2.10275933974493,0.0700887785436411,1.75297170621847,0.438877253684266,-0.736638881693469,-0.801404724342927,1.18030217422071,-0.342395415327234,-0.988330403922332,0.037133977476346,-0.655439051994732,1.77092764191732,-1.00686606297883,0.161193413724641,-0.862846312889982,0.200828137052655,0.672661722036545,1.40971550647778,0.558140917583048,-0.887341530219066,-0.647732544037767,1.90832090357651,-0.253990647973931,1.427874827109,2.93850624394,0.0372464471738377,1.8323200191886,0.657175448670161,0.47677104637578,-0.659797834519071,-2.45514429818279,0.354619757444021,0.144997094546862,0.847979317677805,-0.037447931231223,-1.70882940350648,-0.129226950410276,0.583835000917611,1.74141830398302,-1.88232599620665
-1.50311221227011,0.233003949086386,-0.32036641215577,-1.12852043987252,2.38514083778873,0.961248119111999,-0.0488082319405428,-0.840606407047628,-0.725281109240179,-1.30673040703463,1.81147979979283,-1.18542130420374,-1.33216573499078,0.319499002706002,0.949856792949127,-0.729391795811601,-0.0981635060911087,1.91751001468952,-0.304781610080315,-0.107590061701365,0.0596470326250651,0.543483517405747,0.0412121270768833,-0.549989256970672,0.620856076556988,0.0486258460018116,1.20093632024967,0.641677270437667,0.68065681459553,0.22154016012788,1.05865446477567,-1.05033494874409,-0.290616328174765,0.714099759106872,-1.03800760751272,0.000154418212784092,0.771000716754144,-0.32870732490131,1.07813834332594,-0.372933977771333,1.04677098075254,0.446692665464434,0.49352616779307,0.103813345148183,-0.65682623561645,-0.366750720797416,-1.51531964995289,1.22371649315716,-2.56774855925927,-0.594006157050888,-0.464557440382416,0.368166933949531,-0.190596346287992,0.971707295908138,0.462802931310423,-0.291937070429829,0.0735303277295477,0.550692012323048,1.20501915923731,-0.71033568545279,0.330304492392235,-1.72902751394806,2.11411726033392,1.07788787512777,-0.0520703892737088,-0.518149602120537,-1.41079894951283,0.0804084053631026,-1.28024078877169,-1.0487386874473,-2.07610701848016,-0.327728238788217,1.49021853989081,0.445087349185792,-0.0208665870260728,-0.228046993933795,-0.28568481598737,-1.57162100472777,-0.370663732228981,-2.03647569954994,-0.600530680594833,1.80573406480648,-0.322240559521857,-0.0212160031504786,0.338586464810112,-0.960956913703984,0.0270506117905439,0.170178024221489,1.5026432516978,-0.27198574052509,0.768664039554458,-0.125095775985749,1.13894136331072,-0.528357539421785,0.327508181385174,-0.826636801238196,0.137702703075784,0.42334446578486,1.29568220040624,-2.49563558078417
0.255158962594585,0.706665069229391,0.162204343717785,0.220431516395576,0.797592869896949,1.72963451608608,-1.41446797692092,0.826171386597665,0.920845852446488,0.0137790949173361,0.333002976235958,0.665222500196232,0.303948827848059,-0.186876075824403,-2.37107673957823,-0.459135570960016,0.683320767392786,1.19164478081961,-0.0601920111430829,0.284391485807614,1.57373551001878,0.0206517220434637,0.933897645161714,0.900263342430823,-0.568778220081478,-1.79198232454963,0.577206286647581,1.04317605831446,0.938791936779463,-0.772735352255211,-0.550663637520663,-0.379667331115118,-2.32944186611136,-0.500970240802942,0.437054834656366,-1.48103064625061,0.548749647707976,-0.439899104311843,-0.443442499435837,0.265237002962894,0.552487291024841,2.23387051306484,1.26153536388853,0.915957105966073,-0.535616277160624,-0.115523844412103,-0.282200660997655,-0.787422078829588,-1.94741820039097,-0.965433170851519,0.516623108017025,2.9631919570431,-0.0595085179064095,-1.0091302582195,-0.771137288549929,-0.773281744977909,0.587242685861178,-1.37248240797803,-0.295503323065481,-0.127626969725858,1.61149658600155,-1.22643051731683,0.120759416269756,-0.847589395666696,-0.747196055196547,-0.871482055074692,-1.39684088136348,-1.44157556192744,-1.1122586870614,-0.229303882304948,-0.187140225768518,-1.52766400551408,1.75076848393019,0.676267574470956,-0.673307023537347,-0.904774366709355,-1.40273142196041,-0.577219758477527,0.0935118006295196,-0.250349838128646,0.0909681165760235,-0.257634880980539,-0.481450782886888,-0.793074992296588,-1.68171714625732,-1.91065109947045,-1.32127666339824,-1.47158760508162,0.980062868673234,-0.116634922232928,1.50980099828768,0.510742666931056,0.566127687005735,-1.7703004736621,-0.695124268330964,0.950876779663757,-0.269398225756814,-2.20068123741786,-0.723276021404481,1.64455716990601
0.550321846239914,1.12757363427321,-1.41576982235611,0.244692128822031,-1.79216765890364,-1.06648809020073,-0.676801770997881,-0.876196121365802,-1.58223345166776,-1.8517530190994,-1.07124728877735,-1.67032320766063,-0.165543084558337,0.0392778551965294,-1.0717144346347,0.560104477642219,-0.734505610656574,1.7849814558012,1.03195908469788,1.42276284829334,1.52198107128451,-0.444539317231408,0.550522046497529,0.0892236670527668,-0.276803188209965,-0.559087170603702,1.17064960269051,-0.614477341993811,1.6765355508211,1.53308741507935,1.42107197482984,0.715718734815847,0.935306100550345,0.543972667729202,0.456673649090699,0.323416811702157,0.28351675196688,-1.73130200538134,-0.508157195938751,-0.212102965098699,-2.19218222486384,-0.0727562187829589,1.2039782416343,0.152966832804164,0.208234544517865,1.24673597630845,0.237991965775867,-0.958008345116403,1.36767032325546,-1.20561845036449,0.447011133703618,0.194581948101284,-0.502432233394259,-2.22649604523764,-0.200745319223563,1.12326925740176,-0.305332257707149,-0.44663125813909,-0.797165013745894,1.35168912873243,0.434855939713008,0.824322868584388,-1.4779041819381,-1.44422243180777,-0.715513126224813,-0.300922831573468,0.148209535491388,0.0473419198759324,1.84357617649163,1.74669928739318,1.81666331813457,0.0123305408008165,0.308577221261196,-0.254285106185061,-0.333811529166587,0.883999947981549,-1.15507030326591,2.09161947739069,-0.448835843393957,0.833140216269208,0.0400297987163265,-0.938074860270996,0.226511176478385,-2.05235498113081,0.602984131690839,0.0439345006575845,-0.134273145805228,-0.361657264650533,-0.80414561740162,1.32924819239329,-0.986801593178044,0.444062724373239,-2.02756021533984,-0.171389018278839,0.335792901946801,-1.21223218862665,-1.33188167517119,0.736368189611914,-1.4009885424313,1.87509283502147
1.3659318197802,0.790635234091334,0.62184200254052,0.9841350355248,-0.830695425212141,-0.816244730566156,0.354960847556879,-1.84810507934055,0.700004850495237,-2.64358059214879,-1.48273933848361,-0.88771926082408,-0.0817721427576844,0.599147990695899,-0.261656067561805,-0.905249679839558,3.40394221536529,0.010883651279541,0.796537393217824,0.48616802585892,-1.4548833756063,-1.75690112290692,-0.227045396149301,-1.10296754688039,1.15465491743594,-1.71863369320809,1.035252936811,0.114746926535636,1.17190425403047,-0.668493128958582,0.455064248215181,0.8812919483399,0.690098143549808,0.0697356993418002,2.74629680702059,-0.576257439172877,0.816729275865252,0.0375583160211356,0.963975952677059,-1.01874946160803,-0.368135738161441,-0.303948703922188,0.500037599991015,-0.394211000878901,-1.17374734548676,0.352661359655612,-2.12371339406483,-0.917969674028373,-1.11510763543629,-0.707884195742312,0.213572688798222,-1.24591751646088,-1.36873505378874,-0.280099383992494,0.837692567681692,0.337380141326768,-0.673942040253884,0.352729634103996,0.164831534155785,0.0804289419598556,-0.462364815393534,2.23431193983466,0.00928820090091931,-0.046696584207735,1.43257479476187,-1.12109788278828,0.546983258219261,0.965561958601417,1.4975201869362,1.19619061662309,0.439148178384845,1.65963254055591,-0.669797330140003,-0.0862463859348171,1.16508703564117,0.742413793921625,0.876463489059892,1.56758022156563,-0.372468133395938,0.217712687486975,0.227700481179079,-0.310329729427687,1.21620042339397,-0.749463590089964,0.313016249082726,2.61314787815366,-0.133886057776785,0.994977175328641,-0.512052070810348,-0.559082432869793,-2.06979790681465,-0.975471046313425,-0.216339308234218,0.939907138957289,0.90443084376158,0.219272559565357,-0.912759175569096,1.87955403471335,-0.0977237873670825,-0.570179375242502
-0.669490025355753,1.07603961850511,1.07005935554994,-0.0966819554782237,-1.23382315489843,0.891629524387426,-0.305644969054006,0.0363059059249242,0.255886869300808,-0.177168846836735,-0.219386300174146,-0.463771683782144,-1.3540731202544,1.29087664441568,0.733159468855158,-1.85106729398352,-1.12460564614519,-0.0624611882445906,0.76537573258801,-0.160544359742313,-1.12469835795325,1.31106435526835,0.17631798867561,-1.25889000616641,0.757038990825451,-0.0314936782471978,0.209123437745638,-0.446864692206379,-2.46251707350414,0.0590693373583138,-0.955541330723358,-1.94934032401178,-0.45930602332463,1.36232617033627,1.33103544646966,-0.281173001040236,0.676844242300826,0.281150339099988,-0.712590418017624,-1.56246684247065,1.33717301717858,-0.727151191244563,2.71465293371153,0.0709989032144803,0.225978076973797,-0.578025217981241,1.46642226089375,1.60329530541653,-1.02146187925748,0.775963136770471,-1.58767359241136,-0.43480163626126,-0.749993300343216,0.782875150511686,0.83169918829427,0.204142809034633,-1.00380263290404,0.0710622201483048,0.808511600524622,0.704647046685158,-0.218416595320952,-0.643322248550212,0.808931244994522,0.481594399340116,0.960276257128277,0.106594519700638,1.15626734760793,1.48762524887481,0.838788536119287,-0.141406290024621,-1.53155130936758,-0.735632143996216,-0.0860834347823545,-0.346928851566099,1.86784184780296,-0.768081700306916,0.906806266199694,0.0472430452768434,0.0411779799760079,0.0119844762979745,-0.44913525518529,-0.0512072841285076,-0.544636637785892,1.54176366339362,-0.608209052185676,1.82732339320951,0.489560772403717,0.661932614722587,-0.763787534149201,0.0596374683565806,-0.310213339588969,-2.12328686043235,1.82627427780082,0.556484684393533,1.5909605030111,-0.499389489532058,-0.694271609757505,1.57299221886364,0.268947319208152,-0.997692094590639
1.61487969049453,0.367316449685816,0.58293114677626,2.05763958088606,-1.02211626193381,-0.0156547564793174,0.728967128116663,0.607248439887912,0.253058858826774,2.86891632143582,-0.748653542911477,2.00139015227481,-0.526218302621271,-0.575868057526305,-0.370536212342061,0.117539239349232,0.870415718807748,-0.611617059534508,-1.70062906565549,1.6578429284335,-0.834528377690481,-0.301329909642312,-0.242152716668044,-1.4525006240861,-0.303809349101626,0.139858480463939,-1.372077096324,0.599664298151981,-1.76637369128941,-1.81690935849323,2.34201083458304,-0.88415287338592,-0.386866023839318,0.0807847982816708,0.333937674107669,-0.197494085796321,0.714639116060867,-0.215917991828923,-0.2816653828886,-1.27301988178143,-0.765733222747327,0.116262344262097,0.913134527411527,0.183259062120813,-0.777535606524745,0.191613251679105,1.73525628198982,0.350349796020123,-1.16731631934447,0.764488770381566,-0.192720426462813,0.327083507587166,-0.829638402282961,0.46494034790225,-0.32349799123767,0.362107079767968,-0.386193940574713,-1.03335511855079,1.13973935724442,0.55922987698923,-0.604610090139879,-1.46335666253778,0.233472867899839,0.47069456595491,0.662359913859537,1.91142455462618,0.847990674055469,0.667873964790016,0.173842174871469,-0.681221393752691,-0.926696629030083,-1.15107000578793,-1.63750791073308,-0.570032034937774,1.33172989018087,0.414462193497744,0.562847066278212,-0.969945931628686,0.030274364188224,-0.0507581622885387,1.02591827024198,-0.359178320351175,-0.392439679283611,1.59182691874997,-0.227112663332077,-1.58307061885991,-1.82011268287803,-2.02159850096811,-0.839188282628931,1.02977042792148,0.700923379698097,-0.542976150488697,0.924433930359738,-0.242165811521105,1.12197953523737,-1.56298712951464,0.317248290070329,-0.204734161354041,-1.26463581890787,0.131198739744012
0.658259924936232,-1.88915818492124,-2.1480218772502,-0.489411318276879,-0.241651254629595,-0.296872921168832,0.916490344026331,-0.261489244070484,-0.589933553938621,-1.51739117631531,0.46416177955399,-1.16399246033678,-1.33881826910822,-0.957851377376087,0.729392057431281,0.0356716384398386,0.812165185166018,0.211420779115057,-0.150912040673083,0.29670297542738,-0.296444694395624,0.756283724276897,-0.212446788994653,-0.753332872600074,1.53608243861841,0.0498660560335711,-2.0580024005413,0.421705388404741,-2.15731403447609,0.451728639578799,1.68911510719006,0.112557714590554,-1.58445204309164,1.83082365150358,-1.38800684356886,-1.68246084477705,-0.178019825976567,0.791719890281181,-0.234485283795668,0.487510923539083,0.159117925825933,-0.923525335554883,-1.04960588462964,0.300991282961375,-2.04448562530416,-0.556359986890541,-0.238589670198956,-1.54870215421453,0.393065397174562,-0.543738714516961,-0.785210438735284,0.756634457472536,-0.496273245822024,-0.226015982146458,0.679515611922124,-0.0661561987077193,0.335224930710401,-0.860928272440878,-0.395447207092891,-0.0350375032301356,-0.561965921005111,1.22042515412067,-0.844200480074833,-0.0855331060283563,0.654772010125952,1.11879284159523,-0.358547188692341,-1.99597814779011,-0.324025527264954,0.709241690918302,0.93496871895472,-1.58619613497188,-0.865728330770285,-0.595104765005009,-0.797699146261178,0.0837643218052237,-0.63027128029233,0.430572135635152,-0.277427191674632,1.19618760125342,0.818458616055877,1.19708546018262,-0.0876347448676298,-0.680473554105301,-0.0620746965602605,-1.76423559034375,-0.730264629228311,-1.06457166133825,-0.152387688392708,0.441293082834625,0.525881495050417,1.35316804540734,-0.978072645104831,1.48888615727474,0.424376848000525,0.422783693407933,1.45611270397656,-1.25465555118603,-0.914790793100759,1.01336148076357
0.537509341980793,-0.642834240389293,-0.510434040710775,-0.0277240175669049,-1.99165588398654,-1.72269021676418,0.261077720809376,1.79972784362611,-2.07707739312236,-0.639609344722857,0.550968035925153,-0.372856041632882,0.0687550199714733,0.906750408266128,0.535574955493097,3.162298728976,-0.883012390849386,-0.512167726637711,0.977383523109321,0.165100669476158,1.02017318639217,-0.675275259574646,0.722785709541638,-0.139907559136654,1.18996585946912,0.705094211417657,-1.49406488623751,-1.86730772962162,-1.01656667010293,0.403657743462024,-0.928023804696378,0.703036618744087,0.17727842264641,0.362642325803059,-1.29725933268256,-0.359353167018827,-0.143182167855062,0.108273739559176,1.8643781837198,0.16690716198334,0.172876409893146,0.945551825844751,0.445024415178099,0.253097874993742,-0.524371627708959,1.22126604917093,0.663495920113496,-0.92732360557897,0.440913076943759,0.414270966712459,1.70958403900469,0.670631795709713,-0.622323200453297,0.210816800856649,-0.28297290502018,-0.209006282950494,-0.941657531146194,1.50196481898807,-2.11926595807463,0.0657133300019475,0.509957008684143,1.84879242767891,0.485385588488503,0.25540115816061,-0.907851432326101,-1.48970824157585,-1.05023780947819,-0.73545712658796,-1.50299099152962,2.28750287879427,0.371523810548014,1.27439761522508,1.83197992215241,1.50997365828202,-1.78590406669964,-0.483584161236441,-1.68922321721817,0.739069850479726,-1.2149196432257,-0.419480490995842,0.401358962738654,0.542558291412089,0.688138620231653,-2.20667901120455,-0.32159559433995,-2.1334025150369,0.741486479638781,0.82505630648331,0.518187043637554,1.68463949674442,-0.224355195574956,1.59983075447723,-1.1733329440426,1.40998062762899,-0.787305434466582,2.40450777054064,-0.521687901523439,-0.2996964396204,1.08391581211083,-0.149731364777734
-0.256942395256163,-0.00294350837521706,0.637565768908097,0.797056690262328,-0.0964418535912543,1.63013332979728,2.00919396800845,2.56060664736555,-0.562222603893783,-0.693395186865432,0.748552259200859,-1.52958726719357,0.0588908713217421,-0.389385122871364,-0.593465156546065,1.43880054412438,-1.13930580581455,-1.69347264022893,0.044989990572099,-0.562689421942958,0.363001950509281,-0.719827727311094,-0.904715147288116,0.05168209489699,0.337053664018839,0.531264396484569,-0.824746306661849,0.253751907211761,-1.23159788195949,-0.00452634858132017,0.434958582485894,0.248362502751959,1.27492610941178,0.568792479045576,-0.941966214888348,-1.16071200119565,-0.548465134549515,-0.207727367019661,0.235947644123472,1.57720221008267,-0.796853755261369,-0.698294185322299,-1.10912941907982,-1.40756124108399,-1.31734428231203,-1.09256814252158,-0.083260475167039,0.38024453982457,-0.808812645209205,-1.300325789014,1.35116905271067,-1.17326258594073,-0.336181863946171,0.454253234774051,-1.08234178107176,0.362442783245353,-0.566737061273494,1.82064991290376,1.31497333195559,-1.06102071213936,-0.743107202114014,-0.317583555883653,0.313730272816243,1.60784517036638,0.42584906913137,-0.808849412591575,-0.70451867867196,0.824205156871673,-0.583375473474807,0.656541215717454,0.290044084405419,0.77720672613017,0.84098321061193,0.54816784036896,0.379704381040794,-0.0548432565142285,-0.946228877527669,-0.499267336315951,-0.555993435298702,-2.54805331263301,2.37597614902586,-0.532311189359375,0.205423155080419,-0.714401690053599,-0.414111407275034,-0.416976912634224,0.345534410537263,0.272313518267869,0.134609635510131,-0.385091728145086,1.58189674089756,-0.548414328488697,1.43778358455859,-2.11510728306801,-0.71207780690181,0.41294368430617,-0.768083643761627,-0.857610601784235,-0.3762553297297,0.643016877144648
1.52503824918459,2.44371480712453,0.0218292703470537,2.95499540222146,-2.09067640205901,0.344684644365162,0.0227713058986223,0.282938339229944,0.0347751382838802,-0.836660847973229,0.044084674716772,0.240585781365102,-1.94603711779788,-0.683279128021996,0.255394808370881,1.00193251395774,-0.219628614726748,-0.156396170431157,-0.375825263183816,-2.09077520856457,-1.23794519406959,2.69592350084805,0.320600021361689,0.73712646904246,-0.202153115616805,0.0706526744550052,-0.0830521033994839,1.34396628651918,0.218873975564367,-0.140175772920251,-1.11788478944731,-1.70310307875248,0.599096643652737,-0.66180433542074,1.40846326009508,0.808786251754928,-0.456992974434115,1.49295052009036,0.0963370188301347,0.339120824462653,1.41237550641078,-1.60564528698943,-1.74247970236512,0.873771005997965,-0.166773342857828,-1.08338946937815,-0.552238854756659,0.00306492675938019,-0.32727307522752,-0.537179448033467,-0.463471082233896,-1.05215830653679,0.151507893702099,-0.123432038543213,-0.422580850398231,-1.13314428832535,1.04871030872685,-0.337991063931786,1.63206143852724,-0.63493668159729,-1.5793995351139,0.270495095731073,-0.0294128949095082,-1.38868944703082,-0.332264064113759,0.184372756746441,0.986105059173273,1.17317081069002,-0.672446963114121,-1.62380743635141,1.06781675092239,-0.522010000759395,-0.602902103629664,-1.92108321630053,-0.0973924735993098,1.48351169525648,1.21063819041734,-0.148732033143202,0.548103312364569,-0.584055243072672,-0.526772231918941,-1.63250713388925,0.506477033893247,1.54245232099186,-0.605358660552131,1.49558897162029,-0.290421476998531,1.10481134188532,-1.14268153553459,-1.07721485793804,2.2211111327553,-0.684392833672146,1.38457950436916,-1.35571740244776,0.623793125614328,-1.54494390530807,1.32165415716224,-1.45981858766433,-1.08852404595099,-0.0804982894627531
2.97218178341567,1.11600854038857,1.9750879947916,-1.16411656424515,0.191291292460295,-0.790366252439104,-0.459575219036578,1.63227809730742,0.901403761552296,0.735295768945019,0.429236209937423,1.22701114512406,-1.11600669431666,2.02783976541187,0.544359042048731,-1.47059628438464,-0.121294094524869,2.08826957954044,-1.29265176103902,0.135860917736528,0.727325088063815,2.44070670272012,0.791440700574103,-0.215520200733714,-2.75000213142397,0.136288641120986,-0.275301513663257,-1.18061215299373,-1.35814791176872,-0.143029296272095,-0.850155239293305,0.389867542049338,-0.628885084230287,0.0482218580360933,1.80521035339895,0.00718953160693556,1.40559710012376,0.480470577285988,-0.0146260159630531,1.66826680211711,0.845357770870242,-0.639372579592398,-0.406503747818649,0.577866273280524,0.460166904509284,-2.10226201428171,-0.536545030633629,1.12901362803066,-2.04032073820659,0.271104363352429,-1.81263206982826,-0.749164406301833,-0.34788269003417,-0.486563595556432,-0.327984045714062,-0.672750457083249,0.364780470959277,-2.0436389935337,-0.161691330608642,-0.418862933095087,-0.932430483841662,-0.338973970559895,0.301696400085636,-2.67635681566901,0.0783957772337494,0.179919027440562,0.0934325764730373,-0.417738277411297,1.13629442378403,-1.02032894480779,0.128582780129566,-0.48757816687012,-1.05037745288168,-0.494581500588283,1.14612011440018,-0.273200293479908,0.222793259148552,-0.303259880949762,1.07012666468078,3.28260692472761,-0.710515530246999,-1.18180329521899,0.25789442594979,0.621580086658686,0.253771983710638,0.574382318125991,-0.527764160841406,-0.576538667961374,-0.577170210699618,-0.439811624984402,0.473494547998006,-1.44056975918611,-0.537270626790144,0.879132369024492,0.399754217679902,-0.847834096573477,0.856003862263798,0.966950429292544,1.17530844167419,-0.0187612368386484
1.23839053489051,-0.321204253337701,0.532075341979484,-0.530105277419739,-0.743596164434661,1.75675533179995,-0.0518762716583962,-0.144875736874169,-1.77377377564617,0.243847687674138,0.415915836793762,-0.931358836024641,1.169589340063,0.321658307571605,-0.389474509535299,-0.900998110078074,-1.2223084114365,-0.872005265758081,-1.21833423834955,0.453988399446081,1.5051697113584,-0.0917540962436238,-0.835621327697799,-0.613542446252113,-0.549398439288071,0.11240474211209,0.245707193527418,0.869359097556044,0.626139330080692,0.432055179782439,0.279445296401929,-0.397910178671095,-0.207602955079304,0.877095798631433,0.338059433753655,-0.322072490947431,0.763865988464939,1.11436967034519,-0.916066537651072,0.458022680186217,-0.126063001423523,0.3742173766834,0.723990385246314,-0.261170547749186,1.32153597902811,-1.88132446076818,-1.11996890595375,-0.749400101818893,0.191219535350131,1.12780802289048,0.368297727118046,0.265744642533571,-0.540745239646673,0.458243467188406,-0.753941252680379,2.13257281813272,-0.413315406609956,1.48741708218135,-1.01308675428004,0.718628414110412,1.77753523766063,0.628848167220218,1.39687500192665,-1.02035331044615,-0.291123190968508,0.441417193072324,-0.274113330636573,-0.694906238231076,1.07768046870933,1.48474534311261,-1.23937165791474,1.02478887872789,-0.337879525472303,0.359877995252696,1.13953002477719,-1.79490064275494,-0.493932618167866,-1.5502927874432,0.13614038287057,1.7673320481314,-0.89429295361841,0.939017911772403,-1.93998877544357,-1.11597522964485,0.42172471175048,-0.726460310781488,-0.44413833124461,-1.77311245977303,0.511192403905499,1.99270075330373,0.392597238623344,-1.47594551104875,-0.21869522456174,0.823804552564523,-0.601560723211536,0.445193125196658,-1.99537468577647,0.0058610898417921,0.999769453729089,-1.39925630013209
1.16028246705085,-1.40654070460193,-0.782891552028821,-2.19023274127755,-0.631071807342293,-0.867138459394497,0.148660451213109,-0.265625774634041,0.0131372659011043,-0.697747591301538,0.611519513028302,-1.51263174162267,-1.28466084964751,1.55907292062772,-0.828030794599885,1.64646093646803,0.969734116882697,1.09800392290832,-0.615600393757421,-0.759832620954488,0.805418604910659,-0.968834874351443,1.08740590260289,-1.5346266044983,-0.993641911358057,-1.33515075318571,1.35503843245605,0.937346130644646,0.161691553274891,-0.613774577459939,0.991228054725242,-0.154026581028635,-0.957400350919461,0.287215598096779,-0.375665112083052,-0.37112347616855,1.2659915058635,0.257637801890268,0.675703091077871,-0.996398866671009,0.157564833614033,-0.624770309632495,-1.74022391944426,-1.6051531070849,0.425836296229682,2.15868928851227,1.49205800187084,-1.04903575656932,-0.22933535823058,0.489440206668174,1.179662545515,0.81998741375948,0.505711761525278,-1.56282822724099,-0.458167145608567,2.73039811642552,-0.587345147037978,1.77548610820949,-1.98814535699197,-0.401333981229737,0.319535192384779,0.183989987522475,0.0117384346870563,2.23379343519441,0.383375220791839,0.581931817637264,0.428747158861771,-1.3153854057244,-1.29707503309735,0.392902567687434,-1.21412763554413,1.41956457470604,0.528405958051715,-0.871297212937436,-2.68983396250204,-0.746232013110001,0.738935277410802,-2.84457179677898,-0.397812038066881,-0.236727332542386,1.23906931888091,-1.06810552248777,-1.47724146692834,0.178872674307102,0.318767866829689,-1.38767753812757,-0.739214753462188,0.232901875062258,0.935857773725419,0.960179122946725,-0.78110707729417,0.0399614678014721,0.00825979036572944,-0.628375474449368,-0.740693130129198,2.25237157431694,-2.32059995329536,-2.77951935141377,1.09247575016908,-0.584706828985746
1.34152546654749,-1.42509834484902,0.0422525243406597,-0.87383933083262,1.8072854438142,-0.47908650152116,-0.923042098801647,-0.658935646842199,0.348076200207909,0.177141614023012,-1.30620632839009,0.311201918637976,0.430377898920493,-0.372881701840006,0.404201185773742,0.640570653202066,0.141170395980044,-0.264914244398719,0.606622765929332,0.0131062548473002,-0.407434746493105,-0.961408792917103,-0.0439674536090171,0.992299678114672,-0.0405054582607007,-0.863631626521833,1.31978225755916,-0.152813960424156,0.732438047658775,-0.661989131815473,0.896888135689676,0.641257990566408,0.137620881501171,-0.101639663623427,0.790597182241807,0.177259755825958,0.0857910413813792,-0.177869189130002,-1.51808051703786,0.240303962986361,0.472715869036429,-0.313192168689477,2.17933414022703,1.1929753152277,-1.09208101013953,2.21148736167866,-0.0773041976968015,-0.36700864776262,0.0332446793470484,0.278625856846532,0.73974625553523,-0.00306303272552616,1.29581476923544,0.841833161770615,1.79520963154339,-0.258851616590707,-0.541599647017367,-0.293197219180017,0.442345744101658,-0.296749195875691,-1.74047997759477,-0.901079297645052,-0.467206338197686,1.31955449721347,-0.541924441129356,0.353782265008019,-1.01478043423058,-0.776816699856119,-1.07360447803649,0.0388795840502907,0.262807390890607,1.37396020933343,-0.935428683135474,0.455681825944667,-0.553880596766903,2.48458035446193,1.48133553908869,-1.03792301166688,2.13798709344876,-0.471008031362118,1.5894929330403,-0.483922729607966,-0.341262808448479,-0.546692884637229,0.0537893248784636,0.45333777636821,0.98697042221268,-0.193301992138328,-0.446524414252355,-0.842171428789073,-0.417638932756343,1.76221602627431,0.471070813612015,0.694599312723754,0.556972373657756,0.104853193294152,0.392059141127224,-0.721933401645788,-0.112737266611022,0.307586160268731
0.926938818734614,0.0439042009163366,-0.674716727163043,0.759549584508988,0.156781111558938,0.0193970594130188,-0.742138944315437,0.791592738563534,-0.760249337515862,0.394869888734042,0.611180293103341,0.0802134149886282,1.15105898893395,0.477582136261988,1.24339710995336,-0.518208394559764,-0.329404110603831,2.03474840429854,-2.38838952129075,1.73755184483125,0.821075125164779,0.234607534471782,-0.943903962292856,0.450723078320235,0.428290452508593,0.554634446695679,-0.379808332804736,-0.142123077298682,-1.06833061351622,-0.62904295146529,1.00339983259678,0.778942130380411,0.298271629031939,-0.180326086307747,-0.84035387411808,-0.369510675296967,-0.176565653451005,-0.66910897119753,-0.940637265602507,-1.22737157145125,-1.19435736321501,0.0832015322725067,-1.72564337864091,-2.52658354830708,-1.60608116599778,-0.957291656545434,0.730559777800964,1.40220026189469,-0.0143665787317062,-1.16291072605907,-0.172362711643908,-0.417030522709888,-0.23100831826528,1.99011831606562,0.395660257568873,0.196232732349434,0.245621096787958,-1.56030357847206,0.635040694303638,1.29913303600807,0.5351075452766,-0.156693813306511,-1.35518955229845,-1.14753786580344,-0.36475478533351,0.184937438510703,-1.5426558746699,-0.0264004504279627,0.360670513018321,0.789865905569723,1.85870074191327,0.27905218306527,-1.26683827887967,0.328143291339967,1.55907779213104,2.97135813281307,-0.729663686441903,2.0056851476645,1.14305245941072,0.189977128462826,-1.28504069244496,0.347917024016895,-0.140183425131476,-0.151203060171512,-1.89049254565597,1.52555496225538,1.75366155286718,0.314660426473014,-0.870208520764275,-2.58845461269313,1.05076335541507,-0.62367212276791,-0.78344136743169,0.356956917761752,1.67449139093949,-1.29087339337656,1.85305091876206,1.33912505850741,-0.267005473783744,0.741554014517531
0.983859442308131,-1.15739111963614,1.47488821951468,-1.96387801691072,0.825579050913721,-0.692566700050314,2.08680834645228,-0.336425656582402,-0.149086642971269,-1.66598808364569,-1.33098570909159,0.351512129105292,0.41580677962135,2.82328851689028,-0.200144781085539,-0.86061712682997,-1.17089833987436,-0.650505606837329,-1.84864508642298,-0.48505921922445,0.394619974089635,-1.58591556833028,0.171583013953103,-0.218003561699245,0.0174709567460031,0.222631041647199,-0.950239136014432,0.154570631215943,-0.433967421677921,-0.132218101265632,-0.982893749238975,-1.14260722435613,0.309999316939757,0.0794586014788435,0.904602211221237,-1.51041838795676,0.71565635018225,-1.78337238339758,0.332968210944122,-0.628276217562713,0.552699252710204,-0.404656644292385,-0.340359284097788,-0.723849627708559,-0.593300696805329,0.158051650776102,1.16650904618247,0.991137650417448,-0.193969433392879,-0.097105852977424,0.409905868452724,0.481483934888093,-0.700205249995701,0.145008456448388,-0.445218175151551,-0.559125609658729,2.51325448505426,-0.287091430167674,-0.769910808797241,-0.558444167009494,3.49517623525917,-1.02284898595845,0.0952220398158569,-1.02455057618188,-2.2773637463192,-0.0663270444971402,1.62788439555044,1.41344705273341,-0.402983449700211,-1.0026358981986,1.45632946477553,-0.734329805708509,1.34223905861575,-1.86183508173636,1.21939718277959,-0.686787363045072,-1.70211597189385,0.00438281831712023,-0.968083251421824,0.913641543011781,-2.31231959446484,1.16149319583553,-0.923668958438363,-0.462418601826243,-1.76981599657534,0.582969167076897,-0.153366608624302,1.43110592062391,0.747496867635775,0.201431280218441,-0.256475753751367,-1.69108720740951,0.00575979965268214,1.12785649870021,-0.22896327324738,-0.298053580034449,0.800632097270399,1.40553715620673,1.73599078322532,0.519012117961259
-0.363038250338252,0.225012737344962,0.861891662366109,0.071635839291334,1.22793942318572,0.709660803952314,-0.231924265229188,-0.269911618533531,1.93786399857089,0.680185042740843,-0.36008676470217,-0.735830099735591,0.100323216666726,0.55170416243827,0.261612705156299,0.659227240785516,-0.357519665354498,0.931879246597471,1.83386023382975,0.283442147256699,0.119800302432348,-2.7633604799722,-0.990457716922515,0.0738580032596457,0.17780401360774,1.6236088350648,1.35177798675366,-2.1561544460106,-0.985723270545009,-0.334273827015922,1.05540387334813,0.446706792466619,1.60052918983307,-0.65672097140491,-0.395644397232169,-1.17708381534463,1.60527581005081,-1.1062788429192,-0.64479584912563,-0.0510052653789488,0.899478697380537,0.474333060110651,-1.28490245124424,0.175192408498014,2.06728493974531,2.63074716520425,-0.588905872283461,0.175742243443803,0.13513836290471,0.155338692299177,-0.174052745570925,-0.0133877338763993,0.449585067641665,-1.29475810822531,1.94464721060089,-0.242563468447792,0.365743643014167,0.913231639107796,-0.697736044514399,-0.818706456956071,1.20971903037652,0.403376245199294,0.930470772945427,1.15344412886181,0.275012654660666,-2.42811286527845,1.61525358034705,0.541417839179822,-1.42650732319245,-1.4098090649752,0.254687358420354,-0.57781431741472,1.45763303536526,-2.39543060637157,-0.279533799333293,-1.33849523787573,1.10378153993945,0.213676011024983,-0.485839077626569,0.418471854521061,0.572722953827867,-0.590694739850611,1.61181586599911,0.314691138497032,0.0574862054162373,-1.06460483910581,-0.568100665679957,1.39033687122594,0.179375980489867,1.7894944861577,-1.36316508755496,-0.33180298932419,0.0780508923582859,0.512225139139599,-1.66908689955374,0.537215160834024,-1.41656730305422,-0.763704972176179,1.46183305308064,-0.431890253769639
-1.46927618859195,0.908736025021556,-0.933766182691502,-1.38976009264113,0.425412980367961,2.53763859606565,-1.52886705807713,-0.315407898764878,0.618967617291033,-0.195467223844315,1.00672596986138,-0.0950370613788187,0.0509226597052858,-1.24249643942066,0.152761955048307,-1.83816315814967,0.108431453574043,-0.120245550159057,0.752341051187293,-0.85883854097753,-0.949054724114923,1.32699913507469,-1.3760951362152,1.01450062913868,-0.584254645985903,0.218218591602032,-0.732836211186164,-0.234388934103037,-0.539362420789929,0.482299424866825,-0.928161388851257,1.81216851958798,-0.37800059411562,-2.26052851427152,-0.825068079562744,-1.45070392593663,1.79220168614958,-1.64138445560433,2.25832644712099,-0.800961230976682,0.658736451820964,0.675638316953869,-1.43567860365888,-1.60142648403717,-0.346853493951788,-0.00738057647663293,0.19995892238834,-0.242713084183968,0.799387862983923,1.69865379091089,-0.25397549113031,0.0309623985420085,-0.516566528147513,-1.38838705482655,1.23384980104788,-0.446751032201026,-1.69436973131549,1.06091735139558,0.534502861023449,-1.16831759314215,-1.37092816139531,2.09589864041265,0.0855798045164627,1.87537590586695,0.803648003796533,-0.772328414888328,-0.1917818504005,-1.98769684552117,-0.7905309731331,-0.236471227625087,-1.20093391864143,-1.21858254329762,0.609367450428104,-1.02436312588535,-1.02741156861858,-0.239189214301357,1.21597149725367,-0.341609099285066,2.1780351608806,0.365302493632243,0.229608305404148,-0.317480325959448,1.13570297109303,0.0389388772633775,0.780864288227524,-0.412921233652162,0.148247071686966,0.284964863648444,-0.616297463801204,1.12566407490401,0.231508282359612,0.958864332036059,-0.712170257427257,-0.111360280585015,-0.661223385115973,0.347912133383464,-1.42776876965199,-1.62901734112068,-0.521979544167463,0.878888077196531
0.531721179152395,1.46319281049377,-0.00886072112535316,-0.303619036422631,0.796471124726192,0.565929449320089,0.545607609796057,-0.547689751362274,-0.52687824252632,2.08401585250732,0.652830924308566,0.730262401726164,-1.17934937162915,-0.355750610308255,0.0760516716007538,-0.957792380072541,-0.809426294720802,0.154445114495454,-0.858401636797397,-0.109498380373493,-0.366586087123365,0.639140910920581,-1.01120214345236,-0.666488835833856,-0.0764948832350321,-1.63782349167556,-1.13850022136406,-2.19137965990027,0.866136320729935,1.2486988313797,-0.616110144923528,-1.01778214695805,-1.07037219717281,-0.720396476848321,-1.05260888738701,0.215612044229647,0.196907858220672,-0.254342351832845,-0.0253529320760288,1.10358598126552,-0.683486780478548,0.0126111809151626,-0.493998848140947,0.2683370403094,0.258183578908905,0.629593150687415,1.00735452433814,0.455994594962799,0.479377245172724,-0.243270991301279,0.953604108227514,1.03092132563809,-0.333313093398175,-0.691036803419619,-1.71753092555448,0.734299415527796,-1.55814423060179,0.177109160429858,-0.439999903727604,-0.186240632736851,-0.848742677757542,0.283539985043449,0.233688799228779,0.704666147916114,0.376549230910072,1.66663637535154,-2.44488686835711,-2.63603541128239,0.606140726369282,-0.0575765483190758,-0.324814501220378,0.427330847837663,-0.604919242583573,0.607482200366797,-1.50028434686566,0.0684634582699045,0.0903577022010132,-0.107408492771352,1.76773904464728,0.246941237021718,0.278510316812095,-0.550543785208936,-1.84652840332413,-0.152792385330952,-0.0380563662453073,0.463251476301565,2.19932999521071,-1.70304603888692,-0.0302737796780137,0.775401094734204,0.140697408235034,-0.00689585098566337,-1.93779720841882,-0.291781405362902,1.35850264220656,-0.474231301738635,-0.0349075700053735,-0.0570277665823427,-2.0140965350401,0.0559880184564717
-0.145756535432521,0.19775493059158,0.37799988101274,-0.227573885447716,-0.547546392658525,-0.354570861528315,-1.42579824998611,-1.32374964359424,0.372171583535158,0.579674603328595,-1.4333845147875,-0.323367014491586,-1.4038945175691,0.893554213430321,-0.297242842512594,0.169242929615496,1.09401753053226,-2.24736128497711,-0.269859290927991,-1.54032396868629,-2.05046071864447,-0.616955906769636,-1.80538434328962,-0.573453677860943,0.333504939562451,1.53754263455089,-0.343577439482249,-1.08624054708399,-0.0877773329466916,0.749319574658567,-2.60858928907253,0.497489493698742,-1.40881744748846,1.04309590890118,-1.29617101469079,0.810923986352443,0.968868878104388,0.106277017532111,1.9685671132781,0.393976329081498,-1.64312976166753,0.79187246219728,0.997863874054247,2.66426734914927,0.991800534504749,1.06139492722818,0.333729288912767,0.359096986470085,-0.237565834412884,0.40163494747422,0.256612830917717,0.127614214180933,-0.262989708447538,1.63818438387898,-0.866951823536192,-0.517986462145967,1.32131284185771,-1.15889605865117,0.825941624230889,1.18926904821531,1.02772766037216,-1.72126365013092,-0.314395458461018,-0.914163333854207,-1.49530117797499,-1.10497350483777,-0.244760347238914,-0.812885683218036,0.977544637335916,0.0079707866620497,1.25482933251446,-0.681550729077017,0.583037789576323,1.5950026978423,0.911764847536819,0.506031048974532,-1.21433075400633,-0.646185236088714,-1.73910343935988,0.568493428122416,-0.8201851551746,1.51422289324501,-1.25938083632963,0.0413518702607618,-0.39466432348439,1.48472212035237,1.51232328982591,-1.77483847270268,0.922682104081026,1.16251853956584,-0.683135316135633,-0.816365756433125,-0.859320081830701,0.198314758547826,1.04683631218012,0.134456786342435,0.800462681299271,-0.00307184700536891,0.150354915856682,0.201078795225203
0.300511452909965,1.57717961883661,1.75766254247629,1.29133762633692,1.27748358276221,0.977566483045154,-2.12169150205846,0.560144161433648,1.17902303744434,-0.342483023450297,-1.74502830038434,0.266737479468112,1.17569439276087,-2.03760078555146,-0.925333994920931,-0.241138294298115,0.84112182025245,-1.02227616994053,1.60092666569846,-0.789458776645561,-0.278859115300939,0.777910440166299,-1.42299182195185,1.62121856745739,-0.391752309068147,-0.424238326425635,-0.157131689876295,-1.60853202231146,-1.41506305357682,0.277112088451626,-1.94436558688088,-0.216220669758831,0.771319859977138,0.441817824495268,0.306380335478572,-0.793113175033122,1.17622483339097,-0.0601785744682605,-0.727231253048084,0.357712331839439,0.246967642033872,0.532629352196348,0.519898590314393,0.344989261695414,-1.43672939746241,1.92128018302842,0.749492127542534,-0.192741606239975,0.903546885293236,-0.0649866607152732,-0.679370831175236,-1.50260707351961,0.588296500836493,0.527568336311517,-0.290050126759201,-0.768246830336338,0.237981869266713,0.293539442370079,2.28594009155387,1.44073895170542,0.463024531241144,-0.198134877915912,-0.610092981715037,-1.22669323783197,-1.24286605386244,-1.09198904797636,0.851056790060914,0.704689063649987,0.0321358200494253,-0.778686899232625,0.558392111423009,-0.531238831229326,0.981102437231245,1.11563418676101,0.590622684918237,1.34109331684035,-0.716341486277982,-0.840082053050748,-1.85588101740654,-1.18041118321068,-0.492128156469517,0.497313372844188,1.0705077847963,1.46476476997549,-1.2984111076486,0.895518429243556,0.107127062410371,-0.364687263068271,1.67635350355085,0.0896144623962181,0.994730559406967,-0.820210839392093,0.515059569650946,-0.279369254293527,-0.601534283360978,2.33374404000405,0.623437121072931,0.868616365631233,2.04863586301575,-0.785967660832337
-0.456691162724375,1.6601055593434,1.92153766464644,-0.850156683431315,-1.82976084115165,1.89230325445165,-0.793683993266489,1.54762369875041,1.16800294557014,-0.214658844260528,-2.01679616365877,0.781202797310813,0.0228323756919938,-0.62427337754936,1.74089635906105,-0.921787481909825,-0.408622443488831,0.61857671557143,0.643711169451771,-0.441385030356317,0.519496254368415,0.382472602745218,-0.1011948765157,2.5089339760424,-0.244048691988512,-2.12339798981006,1.86539025607166,-0.0116484166619373,-0.565584187086156,-1.53363359522961,0.886961543400839,0.70896262632376,0.736286292341166,1.26140070632208,-1.64990481011672,-1.52539098161841,0.494062027303472,-0.539541071664704,0.500730504074952,0.813010785588396,-0.661047476444878,2.17938096467105,-1.29407294937713,-0.958019395257158,-0.70864246129805,0.390261610826067,0.514471387134354,-0.755003292444437,-1.53319172446565,-1.68798103439067,0.548127655096966,-0.417375253410489,1.15689211276131,0.861998650167873,0.381552211712672,-1.80834317508512,-0.507229330881515,2.33277282061524,0.809581325022695,-1.56512744189271,-0.584927330966788,0.496112630040787,0.499797707158637,0.38133798292094,1.05612581636277,1.0680722181596,1.13765444006736,-0.973547054084762,-0.136824210380884,-0.816425706253936,-0.599591459717396,0.112404534031874,-0.557473997690479,-0.741085154024929,-0.24966919478593,0.636178961051376,0.923639434773873,0.205142707720774,-1.17489764669257,-2.26631416673489,-0.671235392590126,-1.69468803597161,2.34798080112122,1.47557519174991,0.0872113595741963,-0.0870790891837678,-0.851054706568587,2.30156280765169,-0.275220550043075,-0.132309886301081,-1.36306391054497,0.122097977105382,1.47159190430767,-0.264008119155235,0.368476691931686,1.06296695712422,0.321779065348419,-1.22237954005082,0.333210388242511,0.176650505727894
1.33513040409844,-0.91412375806251,0.276163228159204,0.132339303732206,0.830429454886582,-0.549803053122752,0.16805204319141,-1.23008967460166,-0.721100999112061,0.00596782308559501,-0.304359621215732,0.748985117922479,0.326667789097787,1.42978606121929,0.746979085728021,-0.494899495678847,0.446896813221137,0.127674821157819,0.58150194846378,0.729113799070101,-0.700021873084743,-0.152263483571345,0.235928005231737,0.559676985486022,-0.237930561531572,0.289948845497194,-0.888059442173804,-1.39220777766017,-0.245941120117463,0.983854825825016,-0.911501425406551,0.806287923056912,0.427201492478084,0.390787603881928,-1.39212519530901,-0.56563546024875,-0.739714083298172,2.04322619495593,-1.22375599141665,0.640005172374662,-0.168480184218469,-1.47995036799333,-0.53584951189719,-0.82318366558357,-1.65640454239537,0.443042423553522,0.983815211267816,-0.422977011545615,-1.23264939969642,1.25798209406508,-0.788774821452505,1.23226835491578,1.2490042170331,-1.01106025974022,1.36650427597431,-1.05141812280186,-0.133593528768599,-0.506228040932971,-0.012486843604907,-0.0435886893216575,-0.423109407036355,0.353737528623618,2.68117878165584,-0.162583320916574,0.997116887055314,0.644129147917394,0.0741438566778697,-0.849296996627077,0.610626302766802,0.353748957842834,-0.457059772804592,0.519118555789572,-0.528014886268954,-1.27496385493484,2.07332080673272,-1.6725562806057,-0.349996916460738,0.742863623804368,2.15523669078736,0.238388321581477,-0.860624608903076,-1.35197811295906,-0.0282203034979279,-0.277958141073143,-0.859976846545401,0.337198145169047,-0.0299208618598034,-0.500781243830625,-1.37906677241537,-0.284991146978773,-1.01123393430672,0.043914194227247,0.202894683149134,-0.645751082760646,-1.05672181599667,0.519955521630062,-0.116564123535048,-1.01633784549249,-0.657850806384103,-0.387661910597813
-0.904975296036771,0.608863892898021,-1.23278961690082,-0.235946977203112,0.137978077424271,0.118544008519477,-2.19330394185589,-0.0312478271567861,2.9499804997421,1.63731901165555,0.823007695106187,0.123224126125308,-0.541152469379338,-0.317722873599884,2.60276006119531,0.639227654792227,0.227881852892538,1.99810778920217,-1.78943546963177,-0.555216171326802,-0.266826080457288,0.922980913721919,-0.798642193416582,-0.6130956746842,-0.573553691522876,-0.619360254987743,-0.0342732492480484,0.743401383158036,0.607459451943267,-0.96080176107222,1.42005713679879,-0.309530744807095,-0.689862507830481,-1.92668116545532,-0.755091823260013,-0.946917402122802,0.408586340505525,-0.974263368632023,-1.12396114098749,1.05890156306041,-0.664905728182657,0.629436287088367,-0.56822992207175,-0.834116301966008,-0.0202383455901374,-1.87289033430791,-0.539884654922921,-1.26082668171533,1.75105796819883,0.575419467701368,0.342186982422033,0.603647589525141,-1.10478478560846,-1.29649326503545,1.16648434068079,-0.731490640662508,1.10953178478642,-1.7189617341971,-0.47187743369538,1.38339251152801,-0.424685323622234,-1.21479267542187,1.53249767338509,-0.823520233960935,0.149158273209027,-0.78697065150952,-1.21927368520364,0.93149312367238,-0.599083460982595,-0.159059021846469,0.364925549872826,-1.67373822368814,-0.323707524663343,-0.593933323151486,0.46059937106075,-0.590482653060457,-0.171160193720187,-0.169341111032334,2.10018572663895,1.60743883072875,-1.23579924389961,-0.67603462598619,-2.22438103909392,-0.238931372148929,1.44099712072073,0.0344797641736244,1.18694188292952,-0.560857399902002,-0.656437397655317,-1.80051492373645,0.501136171524385,0.00853695745419647,-1.39727174008887,-0.0683983055751749,-0.232463941543731,-1.1139315899371,0.599907834471379,0.287953574716559,0.645050657439287,-1.84631734967268
-0.294361402405128,-0.298564270090818,-1.89099816323976,-1.14772465148776,-1.33464466486166,-0.419870487373207,-0.16231653723237,0.22976064266931,0.611918778181028,2.20655830763429,1.99399977711164,-0.17723995857566,1.18983367659397,0.301137694386478,-0.776213634498737,-0.687191054456969,-2.52832369346585,0.877672287792064,-0.093760312115113,0.968157808233746,-0.217221715027497,1.05501644505795,-1.18434526061284,1.0957657736086,-0.776822915425317,0.2755416573669,0.577624540183128,-0.492483525187953,1.70387323753461,1.59731944905245,-0.36858544779175,-0.01481998861925,1.0051766345468,-0.718801215144033,0.507079444166566,0.120764231629072,1.12265913457118,1.69802264465665,3.38242677975713,-0.0464301137941567,-0.1206294460168,0.300214027373324,-1.04446674554548,-1.19514063180521,1.31626409110878,-0.894177160663641,-1.88767949437,-0.301759492611477,1.01294126082391,3.09357375105474,-0.0250698910593023,-0.205434165841724,-2.55447490054352,-0.17793805945182,-0.464152619788624,1.53935380425813,1.39423225890151,-0.363950219964634,-1.28138333607317,1.09777705314324,-0.922166267834713,-0.911601654944138,-0.842169405580033,-1.1263871347343,-0.812681578219153,-1.0441599756384,0.452950946005895,-0.186905588464873,-1.43958158476612,-0.0254801018335413,1.05206842198731,-2.07961712216851,-1.72960391391922,0.793519177259593,-1.2803516476064,0.689469668539946,0.664891401548479,-0.636140225243601,-1.24331726273911,-0.49826866673662,-1.57756509519493,2.1100674175052,-0.724514091774326,0.127510706555662,2.50598956005169,0.695660172845075,-0.281425559839756,0.503011597943934,2.26749551275691,-1.61098979036252,2.37997676660464,-0.406662087512273,0.227723349333035,-0.0197410114359734,-0.453699140625372,0.164585783031827,1.48557434630282,0.737926895252748,0.496897657851776,0.399201970572957
1.06259127185681,-1.09590464686674,-0.300570685760029,-0.614325730887582,0.936214627491151,-0.490137017817857,0.317723898125781,0.359033631303409,-1.22390974822026,-0.742440023031311,-0.194111535745686,-1.42072995196328,1.48732045574953,-2.0316954254071,-1.38780195465416,0.0648512929285721,-0.63168551097995,0.93266513976783,0.879326398065407,1.43296255139551,-1.25602082211589,0.778434196481304,1.37921495836587,-0.0679926203437654,-3.63515934305468,-0.534478017283968,-0.111217792625818,0.337417172161627,0.687737705014227,-0.303029317745025,-0.47334015800288,-0.17886832417505,0.371618137375025,-0.314596659891325,-0.229658935983283,-1.03301098818384,-0.187237612729878,-0.545749373750736,-0.0107845230686388,-0.743077851981282,2.87829533159077,0.589226919609885,0.498283842781077,0.982627385135983,0.767371818634558,0.640276292394663,0.381740599671399,0.293415204644808,-0.594458530757407,0.545377092816565,-0.479360580323413,-0.00893981849581171,-0.118547549420602,1.4201074243791,-0.000922379965350134,1.19088692397068,-0.388286065428923,0.577006194339541,0.0206896593524063,0.00615822030167221,-0.444547630026981,0.579597332209961,-1.18719859418629,0.400716135926273,-0.691280691743577,-0.774963741281118,2.19424906409877,-1.76082423236035,0.462219765336658,-0.436115222864152,-1.08718011142751,1.4157079744158,-0.492701032730914,0.114151350444305,-2.19888826151468,1.29919363045495,0.83024939025546,0.287408508722397,-0.94364388799763,-0.824690822807997,1.04890453992778,1.87957152677932,2.04320206738872,-0.0447793172914705,1.94482451006876,-0.814787596893807,-0.636753598989357,-0.0113125214623176,2.21320406668706,-0.235259544994509,0.75999307201724,0.0796010334878567,1.80601139042643,-0.0818338951312985,-0.119579658148029,1.24829457984307,1.06284124996509,-1.64336545928572,0.0364923812189227,1.78127692608516
0.302793125887957,-0.831911106969558,-1.30893446424267,1.15208511251071,0.290527035974088,0.375910200133111,-0.38595019140136,0.667572187861657,-0.779574329501763,-0.275772405649156,-0.0464998685519831,-1.73003908146241,-0.514669222522493,-0.747656644145288,-0.32214562433402,1.72202661889277,0.00892972529996626,0.378440947766252,-0.0370984559564742,0.724830104313084,-0.607550083966059,0.445166239096145,0.301594766884567,0.122843924689807,-1.03374156015401,-0.358460990124561,0.508416752065071,0.391780338671574,0.88102761614774,0.398604108757543,0.608398939224396,0.814095804429482,-0.0944624881165242,1.74498883778799,-0.130179065508096,1.15061732354342,1.41765798950575,0.0298515481751027,-0.909386858937531,1.73144131101464,-0.103463128090061,-0.605139119050397,1.84912821912651,-0.488715304722836,-0.316707345753504,-0.151092134710907,-1.00159687074098,-0.739473912496221,1.25255336788136,0.598648228898547,0.909911904865912,-1.82358388957407,3.61522165265291,0.00468879742069232,-0.041841697158877,0.00718780351748627,-0.351878598420033,1.15689326377185,1.12988622611729,-1.5332655003959,-0.499690595574753,-0.200535289650328,-1.40760589413279,0.848045938344613,0.919718251784272,-0.0558167370116546,0.329447012040165,-1.009074193071,0.433272498284443,-0.596235136785337,-1.98958093987989,0.359932939242887,0.620940000436754,-0.465512727755097,0.524370880427784,-0.286894430978609,-0.425361948566609,2.08368380876731,0.586040249125596,-0.469891790371163,0.141979296193676,-0.158120034379649,2.02755517332064,2.36241369256678,0.0833086075880101,-0.676784124125441,-0.381786783745862,0.574914332825008,-0.0618415060375856,0.796935892301805,1.42890754405123,-0.57851487720049,-0.00230880833258817,-0.271003374946435,0.246694323837087,0.772280987743786,-1.43856891802758,-0.636596184463528,-0.478660038547544,0.415014428896495
0.297355932744103,0.714553008547346,-1.24895049349686,0.930745370738038,-0.196185081677811,-1.47069878464101,-0.393470985088576,0.0660133092014135,-1.11544124580625,-0.375299945117905,-0.775963060442539,-0.279556257421519,-0.0141002923835889,0.934896983166044,-1.62045841943996,-1.14839972424055,0.984341328141155,-1.72147272237104,0.470761693068028,1.45505671273241,-0.363490961970258,0.762017828041126,0.84829867661613,-2.02562798379724,0.823544865711301,0.234529945456229,-0.469027094887532,-0.80146920870854,0.134713211345481,1.57637032121668,0.427279610705462,-2.45444193633881,-0.310763380957111,2.83926559111481,1.59373927013089,2.22101323684828,0.409072966275798,0.583408612428416,0.0522320735846395,1.20377793819652,-2.56891100185233,0.80142634133967,0.098858866048673,-1.095751801409,-0.502473930603584,-1.70588154359797,0.626458936511556,-1.48283491894839,-1.18498192747364,-3.12887907577107,1.48030033415929,-1.09912482992637,1.80445506686447,-0.132462994595665,-0.594291634972341,-0.707758710216949,1.1341029702753,1.24257694645295,0.45216713770021,-0.736970324123574,-0.488142730402872,-0.334785126569028,-1.68686333569268,1.70955159764776,0.500266620301246,0.980768852285019,-2.06779381511557,1.19278332666111,1.07522473587568,-1.49137646164951,-0.473700711443415,-0.542495198819794,1.90687375552468,-1.46423558991027,0.777105944172841,-0.910194869772898,0.0847101922527667,0.194980636164427,0.698436539534969,1.52696615256037,-1.37479722722261,-0.366520636651713,-0.965998589092964,0.617157825656797,-0.664085260307872,-0.0872026019651445,1.12145942455554,-0.713786652552376,-0.963186531394376,0.0302971073203872,-0.0407249845945289,1.67830232830009,1.00086326598258,0.262811311365185,0.65070145602348,-1.75247951238348,-1.38351088643233,0.872518676689896,0.459052291806956,-2.32678636162687
0.470103375015091,1.01114919536687,0.939472756201969,-0.474219069225893,-1.42519039902102,2.7744172980871,-1.31642450001907,1.04602908971515,-0.400898531089492,-1.16878201389712,-0.115861437119657,0.84707399135144,-0.31336007522357,-0.456617947113098,0.144043612965378,0.860994562615583,-0.918506066269864,-0.720546962798264,-0.649775086171502,0.804718517634574,-1.48858381577142,1.21331625179074,2.382011419166,-0.931207167174398,-0.494488178854977,-1.18980242153791,2.23911430511395,0.0739710911396817,0.340283807791458,-1.88696464808771,0.603312135228965,0.202892751132302,0.0648983564921384,0.454139542298938,-0.186330905221417,2.30360807005317,-0.633523946156306,-1.37289702768068,0.177333910048004,0.654098118018581,-1.06220623074609,0.185232056178513,0.0512891945393031,-0.0419359261620027,0.68639799923469,-0.592938197243252,-1.43991439413216,1.25334011004013,-0.711388684817162,-0.99262361776698,-0.171748481704225,1.08324337607846,-0.288490040246962,0.324117281683927,1.1265697524991,-2.60844209223735,1.82529208974564,0.0251746752220997,-0.679729142497014,0.26563612051517,-0.144711162542482,-0.0259697115140167,-0.39538119292941,1.29563800236303,-1.81958324211037,1.42817234440295,-0.224501536691065,1.16028636860035,-0.694003278368836,0.318132881194699,-0.346000410755636,0.524010810729512,2.00237368023371,-0.775467002328152,-1.11516081317429,-1.12946221577776,-0.370754739600637,-0.65603778525232,0.337243208967663,-0.0806786434607042,-1.76789232042966,-0.255570376162792,-0.847961394611199,-0.629383768406753,-0.149135815866078,0.0823612066600577,0.967151683807899,-0.347978404430258,-0.788048791078207,-1.35221443726825,0.404647813721937,0.274604597679624,0.83497093393986,0.678067560701548,-0.26617618824833,-0.223964053768415,0.532904850673467,0.38354425805965,0.658947570583464,-0.410229269693833
0.710629186749601,1.63244666907084,-0.984728841809092,-0.830924927884524,-1.28863011559111,0.354430517462588,0.183638431734769,1.13610733242265,0.377788343607266,-1.15828733526978,1.35576798961029,-0.453868525742255,-1.21093260850176,-0.853226414369278,0.515735593685672,0.240497072710661,-0.982264041647067,0.549721807650285,1.12156355216621,0.597946610255889,3.05273894574018,0.692164151184857,1.90877622726586,-0.477159869693984,1.07409228510897,0.0306477582024677,-0.49428736084019,-0.442890887061043,1.4399590741238,-0.116040529865029,-0.172004997967059,0.427982814794443,1.67365679163413,0.884185511316326,-0.0628470092697198,0.396832475736861,-0.642501078598426,-1.7945031726018,-0.560465400833624,-0.000197048500015784,-0.570279166215164,-0.72827575826804,0.933898055330953,-0.591585880871457,0.232474271518779,-0.586870167744154,-1.57289254421035,0.799319558234525,0.903060638419561,-0.814876940093177,-1.45024289227781,1.09301441689462,0.389696370041814,1.07103124946749,0.498326246708684,-0.639016438995408,-1.0428099901291,-2.66170865697507,0.775873611669505,-1.32054301068441,-0.0854516723517785,-1.29568551695015,0.734656526080982,-0.285942192810197,-1.13072452156375,-0.183168275800343,0.581671469648433,0.0335378736342619,-1.18996848933417,-0.234405871930896,0.366790613396742,0.541970760674564,0.22818587678944,0.0494604198189982,-0.826175970883728,0.746286503385691,-0.778644767127294,0.154244988423448,-1.26821743652803,-0.335232617737333,0.779952405596971,0.515477261473523,1.0123974483778,-0.132858447233868,-0.0385449854212436,-0.588796705610698,0.864084777330963,-0.883653924768431,0.826027123471107,-1.01336222501848,0.0610716766729919,-0.896889622456371,0.238553752834773,-0.271820539169848,0.195116101312138,1.03243004321033,0.23424366376263,-0.282750268370704,1.13853032848891,1.07669944863807
0.350029850387098,-1.06919123922635,-0.0610952276165021,1.10429737157983,-0.558837666934311,-0.600443147975091,0.0495656138848581,-0.204882713326074,0.795186232285018,0.611469135976031,-0.65731657025125,-0.146389717441552,-0.986218784758221,-0.320591555769242,0.961022208516222,1.4550667238411,-0.381054769594767,-0.0897214484214967,-0.548724363686837,1.91527858767742,1.1202192108024,1.0765323991769,0.0286935955866065,0.671287988201122,0.836315858708383,-0.739781476803871,0.20633111794466,-0.0999262537990538,1.16378177634547,0.275750746621493,0.0949616617775644,-0.810531900412884,1.63001808895589,-2.35897125934789,-0.416210100617844,0.716664998051226,-0.519322572407519,2.06462667828818,-0.201269412660705,-1.1831052195562,1.18666193779088,-1.34479423593823,-0.211652098264791,2.04277285310897,-0.0620811432642136,0.379836402073351,-0.212265058464766,-0.183524543851964,-1.8327211710387,-0.775989733788956,0.704982363884467,0.38528587475681,-1.07623141341936,2.1980904733293,-1.09607709210364,1.72369909906834,-1.76138659414302,-0.870404924759688,1.01269749857818,-0.694516945764659,-1.31244268788713,0.180771617081137,-1.24081590890398,-1.84806238439007,-0.0509759275305439,-0.606371795345027,0.906271986301488,-1.99853502883298,0.144464982039356,-2.19960802487876,-0.709488064578269,-0.712638511691661,-1.27449741673592,1.05033966944044,0.827191703052099,1.23418210100058,-1.13606252092223,1.00993383740101,-1.16171860302669,0.585015069982822,1.78738402858622,0.123166219479377,-0.954944283364226,-0.788573849211978,-0.36192586315671,-0.56136630425323,0.986200060110389,-0.661587108650083,-0.394025299323958,1.29330754108886,1.26715418335322,-0.722926458162677,-1.1757839158813,-1.50661502732149,0.973964424207561,0.0520843367059317,0.0594783444966008,-1.38702327247049,1.16357083804646,-0.313576733515619
-0.168340140230219,0.763397892666987,0.610060437764066,-0.01072963890621,-0.864333067283595,-0.991673483779936,-0.10708064830197,0.198039544526607,-0.338751177077529,-0.0611066714071437,1.26997125916587,1.04630467031463,-1.8781950653216,0.0391390642024065,-0.599546575422687,1.19275429358068,-0.782339972439347,-0.290039507084545,2.05475098604398,0.228433101352887,-0.0134773308709055,-0.150306981026148,-0.0298499706025473,0.548296735918279,0.179924066905396,-0.442436982054381,0.119387900876408,-0.506119920724559,-0.0633596262850906,0.115923625722809,-1.70942416894305,0.32419165916955,1.06821437523493,-0.334898125819761,-1.33880555326199,0.859013419750691,-0.604604885848019,1.63473562615518,-1.19656647587787,-0.0170104741527653,-1.28332227633746,-1.3639533401477,-0.00706267544188438,-0.439103882500779,-0.65781766251655,0.924135828418715,0.284204712194682,1.98687853423957,0.294881659250424,0.0790883682745487,1.83075411409825,-0.631221227120416,-0.684658569294695,-0.968065871784529,-0.8307528242167,0.0397475113140274,-0.703721148569139,1.48270664349153,0.663276677852906,0.106769470835097,0.573510622187766,0.597732396825375,-1.17798014088161,-0.128837969664386,1.11065810278898,1.20761032290186,0.497966248778726,-0.89412750425567,1.10558403676433,-0.40798299011917,-0.577371787264091,-0.698600948612836,0.623439188593249,0.183216137845067,0.376545264283102,0.657741335166318,0.538366636020883,-0.262198978039208,-0.226060803392883,0.199526818908267,0.00559537733265392,0.462316697581291,-0.507459087260186,-2.02316033169992,-0.832970251224773,-0.498782199898808,0.243569628220229,0.934019747339392,-1.20439431403223,1.06153440773154,0.904011554830476,1.99023461358142,-0.484811319040372,0.834248744708299,-0.361768975109476,-1.35468143915485,-1.01872247254693,-0.594952604665956,-0.855588152246766,-1.47640588748869
-0.701283793829542,0.642115906971924,-0.419177431922163,0.277222170121185,0.2764977697083,-0.168707588991184,0.280431685978721,-1.75943906299694,0.89804827610077,0.219647748340163,0.180215349904557,2.83705637555371,-2.13905390566463,0.914770336790094,-1.68560533218305,-1.40976182673931,-0.191274568045026,-1.88923149295727,0.281290775582356,-0.281807339778674,-1.21025213931038,-0.0337033297590807,-0.0128759162884597,-1.15993448444209,-0.361916983265375,0.301138773887517,-0.276315129561744,0.351798445982617,0.384899473668868,0.783998033436679,0.170788133200851,-1.52143618934788,1.60684130603613,0.667908215866438,-0.184667244086942,-0.823379998870338,-1.02988034488186,-0.413812723164092,-1.79927069274294,-0.00781163333669854,1.55677342545817,1.07254663285735,0.019382404113803,0.877738686053015,-1.33289180875548,-1.44660753139716,0.490491937675969,1.28233167136995,0.404565210019915,1.0766146478258,-0.229631313873354,-1.45646286917073,1.1588016142137,-2.18215849639175,0.480833443643599,0.434449980428589,0.60940449013276,0.588313361374057,0.9740608858733,0.59741997414557,0.986818293972126,-0.32421139194046,-0.324483585519006,0.506098365917384,-0.0682786980078183,-0.0792311521323859,0.786126544230949,-0.264752045329689,0.628912657551595,2.80104251319377,0.349695359329291,0.423596212425954,1.55886596150818,-1.05672199754716,0.756995195067765,-1.46172387842813,1.82371884841734,-0.347293538940501,-0.67861524907717,-0.549831998628388,-1.63226560144406,0.105147156244669,-0.95875222693786,0.460257428404079,1.41382359597131,-0.0832747164435327,-1.43518073634104,1.10150598957585,-1.43004253559293,-0.36679982841186,-0.995308071212843,0.970989017714211,-0.832721195456417,1.38757059169173,-1.8356121526218,-0.415677923597473,-0.761283182807967,0.0488315513473945,0.434857605576469,0.195178973354567
-0.853517637397529,0.183169745116616,-0.0288568475042641,-1.57402890930017,-0.918388975147617,0.325072689745093,-1.02936885091381,0.445560660862103,1.87496428914205,-0.0215723574009467,-0.254642912799317,0.608838459546141,0.318411006388921,0.470690121416101,0.19212992355643,-1.03234522688167,0.389111572438444,0.376329792841307,-0.63088115394245,-0.285071462367613,-1.12778965998922,0.635821946204293,0.862274351169012,-2.31487576984938,1.84171753637113,2.26100691787727,1.18448372607293,-0.0370246843502267,2.28303624211415,1.42375863149466,-0.803859639531607,2.86661165984003,-1.31778546904677,-0.807647997319908,0.754357524405028,2.67194837490467,-0.987587292292614,0.309326447045285,0.709130060785714,-1.52640905033558,-0.679524428831842,1.16389345296222,-0.455791136045277,0.304905094981076,0.119003337511644,1.35937986491439,0.966160178881206,0.659521172336291,-0.25842388657265,1.86373942150411,-1.96098647711709,-2.14035864554684,1.96243839384868,0.717052710549373,-0.694660553979131,-0.380713381997237,0.629940574530761,-0.667718568068192,1.01454255261271,0.105405217275292,-0.535574511744707,-0.0524950292960509,1.07005309255176,0.239950447967598,-0.668445373312906,-0.544626150268098,-0.0256691531237613,0.662590235852913,-0.465022179076983,0.894936435171753,0.271068683576535,1.13873058420785,0.771582798281663,1.04743556536529,-0.448399958249998,-1.29100776887924,1.02497536462382,-0.00221652996450009,-0.329532942419101,0.015333415972785,0.413506503704405,0.242728100621259,0.807189161543577,0.607047004810827,0.493416081210363,0.616042334953261,-1.16976415464979,-0.96567873166203,1.4420211830526,0.185423513536097,-1.11487008297275,-1.36419021679222,-0.585948321962404,-1.20110156237511,0.512573395527119,0.0570124369712422,0.69118692474835,0.451126485448711,0.837831396836684,0.285618983552789
-2.2667358091671,0.0315469132603771,1.33096545395032,0.0756589276218141,-0.236615029800625,0.799512373688287,0.0151330167577497,-0.362226402324146,1.83783675506573,-0.0156501576639888,-1.14433339782932,-0.329112854108026,1.97565851676174,-0.917270480577628,-0.169592145930639,-0.599059173900485,-0.375990749228274,-0.00584938124438933,-0.800565198234843,-0.103350676621513,-0.57480890554244,-1.24714137101328,-0.0809521231799273,-1.73513612283187,-0.338004845002147,0.664094888099371,2.15949756929737,-0.49286603894305,-1.55453120343448,1.45493767099529,-0.875209011181714,0.911756725431302,0.198033065379761,0.214428324900742,0.683086232182968,0.126106054092839,-1.43938933163077,1.15525059891164,0.149041690019034,-1.33929583262094,-0.276353362409825,1.13341900511315,-0.324467495811825,0.423500031829513,-0.266938412609231,0.532335116860257,0.684599914567737,0.197394257879725,-0.249611254854097,-0.651233739625654,0.196584373178228,-1.40430281968299,1.2592651569105,0.684204126296261,-0.271201920651169,-0.0926066576708648,1.08457769510018,-0.867457277729396,-0.78034963747309,-1.43162893723256,-0.800984581227033,0.257774729929521,1.16784749606469,-0.924331845538405,-0.258854302834384,-0.796764959766588,-0.064155580279053,0.0638201621954971,-0.724618930008632,-1.18162287688761,-1.06558098291268,-0.424396179158974,-0.232682705071262,0.687179253420635,-0.713660590595846,1.18653187487347,-0.910702049303942,0.158699136404872,-0.280806183377311,0.133572325105858,-0.177869951674521,0.690018024874328,0.475827495688197,0.952332149379114,-0.482276478915466,0.0997774146249379,-0.506877955525834,-0.333838272182416,1.36215318540105,1.56833717052125,0.353877206437596,0.132389446329571,-0.666718642936793,-0.226186127330805,-1.01439422705892,-1.24865335576223,1.40872471515149,2.42264177090538,-0.780773477225035,0.55172340663026
-0.774948503258392,-2.11796476175204,-0.304274178744262,-0.129958204205432,0.307243041867754,0.800700189175834,-0.75694023000865,-0.116672550741281,-0.155919862573842,1.5396964527346,0.911477915224216,-0.458728406796197,0.341179241521805,-0.825859155425438,0.596844271257901,0.914750562699799,0.0472920404736149,-1.97163106674635,0.63879051761653,0.775776243268151,-0.351804421659612,-0.672223431505182,-0.365244162976772,2.03941599251705,1.60551191234714,1.59371869375519,1.71278933483182,-1.20930902789906,-0.0407204216129248,-0.635170743003093,-0.229790677733514,-0.834748639792423,0.827813495759978,-0.219790186199406,-0.138100947209594,-0.51026189901719,-1.10372170576171,-1.34224535885581,-0.0173162122595586,-2.88011144725762,-0.529055867085809,1.48016743240143,0.373481671026552,0.0350152790139199,0.329563071232901,-0.816791277467302,2.58487387860085,-0.759965439272328,1.14220874206731,0.374526970859027,1.60169282311053,0.545862382745278,-0.191454814387786,0.0863361179186427,-0.824953775788633,-0.349665783855654,-1.05131904271982,0.836687871844768,-1.42909796324296,-1.00086255441519,0.0578612084836584,-0.46494987190296,-0.0552502805854548,0.570723898665337,1.80727079951015,-1.83217138797236,-1.29870820724258,0.357108541142749,-0.68623711713191,-0.94851785040012,-0.86730783606183,-0.00603679593854511,-1.56593933746351,-1.36340308738652,-0.826045464536255,-0.000937143221563796,-1.63542597046703,-0.0948086882450382,0.566134353345875,-0.497054031382455,-1.74685477447987,-0.890098457394266,-0.500410843206301,-0.646959776450347,-0.242783816693238,-1.13900310399084,-1.03599701181344,1.09037946135977,0.294379634725961,0.109502566473485,0.613799726885133,1.38965044885144,-0.0912209414806261,-0.459618227442565,-2.70388596424158,-0.141502572119927,0.645211064414328,0.977675771214941,-1.07732997371235,0.53824894273685
-1.64841879399163,-1.18560834072778,-1.13361592164374,0.137299284709362,0.514648483080999,-0.0133280809824913,0.237792674023814,-0.260105508716415,-0.689231904551573,-0.775017513340354,-1.86123144520278,0.506245381020202,-0.259032136915868,0.762887401046199,0.252929368186232,1.89366932107743,0.23467858182205,-0.793529658738722,-0.112012644836631,-1.14732850256529,1.02335303257208,-1.1778238282338,-0.152220507586757,0.262873759237453,0.522918575638258,0.920424974339485,0.244029424066239,-0.571159636255093,0.321364650755503,-0.214655085169133,-0.0784705699102876,0.535626413394106,0.0764966900466142,1.95219863503899,0.201445324562843,2.07041686145106,0.829984204163468,0.103472392136321,0.203335826547669,1.72166175521092,0.503867653792357,0.595331306600451,0.3382841653914,0.0771379818953603,0.205241785511387,-1.09744436666864,-1.08649875783818,-1.88787509540672,2.08045334310549,0.657603099996542,-0.876023743462726,1.63608414257939,-1.07722820711751,-1.9957467047039,-0.244348502540143,1.05198782042284,-0.918800128768156,0.925507499405399,-0.228692242740296,0.314285972698662,1.75215215020043,-0.764755399408137,-1.01059280670936,1.03364405503608,-0.143996913717761,0.0705755770826695,-1.09631839581774,0.343633595789163,-0.807314494016407,1.42728514441247,-0.430757708063941,-1.4074322132008,-0.399472323936753,-0.194579785755237,0.430160039000673,0.149991031668921,-2.25069554796767,1.64174155179054,0.637208784333954,-0.0677095880254826,0.154865906681207,-1.02524562029387,-1.95329994548681,-1.00115721429273,-0.159767405590145,0.12617153789048,1.48004682120615,0.0350107516334237,-1.42069943810101,0.134997356914121,-0.199286517759293,2.03260408806743,-0.268427281365419,-1.24402725581672,0.609354573023707,0.26623979148882,-0.96030687673312,-0.393183408560129,0.439242420306091,0.0904335691597706
-3.2278196826332,-0.236348473953904,-1.28356121632699,1.38459297272595,0.61594828660899,-1.30085196185838,0.422442616277779,-0.200221788363514,0.815331641093649,1.55735065313882,-0.13692961362794,1.09889071928094,0.904564347273155,-1.77236634512778,-2.028192509007,-2.27758866104136,-1.35485269428248,-0.042137853838282,-0.071054998499578,0.106845195641454,-0.241605339074591,-1.09417174188932,-0.285161147831459,2.48969640168347,-0.92476813885702,-1.18559174058876,-0.526200862423907,0.383979277188026,0.168602724436643,0.0626618350375317,-0.783269219633826,0.490571897191523,-0.0397881807198789,0.136271349025588,0.387304869249733,-0.418171157318782,-0.0706406785563162,0.557135242232677,0.112077793934204,1.70323080691693,0.685809260848776,1.2624811362792,2.62233809072207,1.53068518111686,-0.857842593405523,-1.20384673860816,-2.41761512573672,-1.58181722838032,0.691389706652572,0.157417532401341,-2.32581568280877,-0.0926099840725962,0.595115957604779,1.36176226542407,1.88848964909057,1.26084583116252,0.470618719037754,0.193348468512666,1.18629020110906,1.53469496172822,0.175443700293444,-1.18476188655372,-0.584542729528808,-0.104382214241984,-1.46238705681236,1.49714237629765,0.531857208887572,0.840032186945826,-1.12937807936737,1.31644664802542,1.10756842072149,-1.02952740141242,1.45215446227296,2.17204428661428,-0.807658009165772,-1.16301271519001,1.955730960484,1.3042662276422,-1.09246831974247,-0.317468834813455,1.60409472194973,0.646849661643586,-0.419439277658038,0.174099269571254,1.02581633296717,-0.070622981458798,0.58816707466306,-0.194372038853029,-0.315094225497561,0.806051869661053,0.720188003319672,-0.0522923055738181,1.45591342611128,0.312163676344864,2.38994191334907,0.783067363598279,-0.708331016518392,-1.31844084467576,-0.463274315027999,-2.0510437156539
-0.741848192757027,0.874147404578866,-0.51442773706862,-0.541343744330405,0.00422416200303525,-0.520762013293707,-0.585911552081909,-0.202122709012505,0.483161358992317,-0.933724210079692,-0.154809096473599,1.62580994199764,1.56421824305512,-0.586479930786448,-0.931400303259892,-0.251736646850558,-0.114811867970677,0.554551032217629,0.977126619029489,-2.80754104096643,-1.13279385122033,-0.657774303556229,0.139996883325475,0.0600831838398983,-0.489875340117067,-1.14832566949558,0.534925762702054,0.954955626782566,-0.606558164939504,-3.52469245661601,1.11496046946511,1.01591398931044,0.148407124098816,-1.94872824466887,1.32195722935326,-0.538825125683523,-1.1218205107399,-0.747706182416959,-1.6942802142783,1.37782444559205,1.8109825782944,-1.84839744119602,0.759039913832351,-0.778148310026526,0.977916526941,-0.994132839699871,0.412166957362032,0.783818543636617,-1.31117567557308,1.01712209803476,1.45609311575113,-1.02590823553375,0.082455498964702,2.75035152028815,1.12267450774756,-0.602467642569331,0.476354563290111,-0.815718886672848,-0.221122527491504,-1.09508257113001,0.0152313640504106,0.815455907402886,0.771255360586911,0.255283841075378,0.533243445332143,1.17280688948984,0.694224960344258,-0.291161986903997,0.58787294098592,-1.05057385961043,0.460814255243809,0.688193416851638,1.15675709421551,0.153699480142878,-0.0815138823259287,-1.46252366530729,1.03236166496827,-1.30852253256358,-0.985230435197684,1.39056713133088,-0.624686120050595,1.0770101429831,1.25750082799054,0.0674488734056969,1.36398586120666,-0.395305311122879,0.610337855660531,-0.656535448437826,1.13782518615273,-0.09247140656648,1.30540213029836,-1.05973158809351,1.35516111741032,-0.0215650783607994,-0.0271716724112859,0.467752341002923,0.225649548441892,-0.967510181559862,-0.212796894545852,-0.925877118355357
-1.15040940166395,0.670462704420733,0.406928088024263,-1.70726740494679,-0.633857003603529,-0.433171165227809,-1.20133168453424,0.658892609823557,0.355283908748306,0.189394231046581,0.0382172233022906,1.10713504884795,-0.0897231173672265,-0.217524193782358,0.316090101992949,0.473033708076908,2.20749294057163,-0.016296791243529,0.371652739361783,-1.94245085473818,1.51317062496657,1.18315788654495,0.817189146460102,0.52991269904807,0.678678254060152,0.394768296982026,-0.764072625804188,1.80770139610412,1.55219441655247,-0.777781967453163,1.5794658660185,-1.37503374691261,0.366454963494473,-0.12910173596913,-0.240241181812006,1.17772084101461,0.707216524785797,-0.798563058369301,0.0677268872679873,-0.352606693698487,0.637211359046497,1.0102449859737,-0.817633441850843,1.91684450373185,1.6764544814272,0.0247160217668558,1.02513318780671,-0.472401367081465,2.20167091759507,-0.235935266689683,3.22305217572775,0.55294836350793,-0.507561451799605,1.18981730993919,-1.67667106785259,-0.0571170297206796,-1.38407200455582,0.185870065741561,-1.15268434758858,-1.97946195392365,-0.201445658810588,2.47843707781989,0.855488298716905,0.699595743667358,1.06219527894443,-0.697925891147581,-0.609654339949837,0.449110389711288,1.08984777530282,-1.6401198864146,1.26007419475184,0.0767210683128152,-0.686823262024502,-1.55524061066207,-0.753301416392753,-1.32560465345483,0.0204418447226739,-1.88112382281329,-0.741911532007551,-0.281068950286791,0.294448651258097,1.10682482423907,-0.365271561844457,0.459046700474343,-0.803678065224284,0.166133230912751,-0.388620994567593,-1.12704385893876,0.562833444892597,0.628260710246698,0.564948018713616,0.867448830985519,-0.115893104115836,-0.386500489526224,-1.20565265142239,0.0768440006445022,1.01103896806802,0.705605319747987,-1.00456655762473,0.70907898810801
-0.29928384326715,1.05942289491475,-0.0474004130739479,-0.119192437330609,1.92053274313743,-1.45131766700874,1.32787672248036,-0.667368040385153,-0.458471378947741,0.652732593251972,0.218938541026056,1.51704798216956,1.52502779251671,1.85018162600826,1.36524668230365,0.690777689342763,1.0459468715223,0.937629171448931,-1.39287131714276,-2.56330948022225,0.864468345633377,1.12914140350834,-1.12560132373461,1.25469312438678,2.01296376177001,0.901468472933712,-1.91385700955186,-1.15076900745389,-0.852934117576534,1.21448892496177,0.449934089556792,-0.803596512537669,-0.932840298792828,1.36335175027867,0.164976393660916,0.457458492798257,1.00225339866576,-0.321392205203018,-0.254130153896892,-1.00743236221416,0.136313445141856,-0.766153737833115,-0.529503966764221,-2.08518164943645,2.05612629288859,0.702023049563445,-0.969025187357088,-0.658262060721657,1.71464268342196,0.623786221904621,1.14725152351739,0.274997260831947,0.828477345423671,-1.64335108631119,-2.04006964220946,1.28191531227064,1.02709364481759,0.628180264403466,0.060286507548376,1.24629319201569,-0.0544765613742207,1.34370829677068,0.974473314369965,-0.703903843292818,0.0718134530482374,0.123621329700085,-1.45985834810803,1.29597319227074,-0.662606491249008,0.505784894510228,1.20601365900828,0.820113595549413,-1.60006181591437,0.636154097988827,1.21648483245301,-1.59076138996796,-0.519600601956111,-0.327015657277073,1.92222017013208,-0.0062336360926914,1.25897453973768,-0.24835409179403,-1.77368300516001,1.38161316242389,-1.15132155864431,2.14235788897355,-2.77168854685367,0.129473742538555,-1.22115913879459,-1.11050880996924,-0.522006739247906,-0.570093520324446,-0.351596558182134,-1.20663228144246,-0.326125040165628,-1.24145374375467,0.810177218109008,1.27515655306541,0.409302772860904,0.269748993608343
0.738117656936842,-1.05015393397016,2.40775964781662,0.95163786632167,2.62203224359613,-0.681670467295876,-1.9115751212507,-1.85152149937852,-0.835015830383968,-0.537720509496169,0.839213019145494,-0.674484886775895,0.488735143584956,-1.1389180886615,1.02710902127469,-0.104532023282667,1.12298615198696,-0.121020579261534,-0.329496028756281,-0.320580084212538,1.47922077282235,0.0178093503801672,-2.2081568283925,0.368716324364524,-1.98942494346719,1.57301215397203,-0.827383362396293,-0.255622101430791,-0.36940340021307,2.12430259927678,-1.35132367561349,-2.05731081045133,-0.954409529485103,-1.29389984830717,-1.2130280595194,0.247109349360825,0.886593361044225,-1.40478101455832,0.022542634574773,-0.993695979413556,-0.891203536087147,-2.78180333950323,-0.468457659928932,-0.115582467568376,1.17839953445339,-1.24727914143307,-0.394024787690675,-0.162092001027742,0.74892946077526,-0.436680993748629,-0.938194399776647,-0.377584076238965,0.00873744793511694,-0.532834711084058,0.228479371463063,0.178480015907818,0.703684569568958,0.752268046821051,-0.458728246814633,0.100893313188811,1.73079235421261,-1.16162385532066,-0.9917920765155,-1.3494239168421,-1.17856103874722,-0.358903231650038,-0.560077647913074,1.52917917827794,1.11273245919759,0.679622791451022,0.102181163157447,1.22616436585048,-0.321413549432664,1.48515481952746,0.837498484146548,1.11857559395605,0.716629812640738,2.22942506132969,0.689905038333438,-1.22370012264977,0.0451034027118751,0.541431956947495,0.161228620376979,-1.28356210630988,0.984374695329608,1.87481479850426,-0.450186300518873,0.506940058006314,-0.744063014361765,-2.67764760083481,-0.761171976883469,-1.51717739021557,-0.42159052192783,0.557948131617302,0.00310870043713324,1.20207681341459,0.249447399813056,0.0414114180115757,0.75784061134817,-1.20366790327782
