"Time","Cell 1","Cell 2","Cell 3","Cell 4","Cell 5","Cell 6","Cell 7","Cell 8","Cell 9","Cell 10","Cell 11","Cell 12","Cell 13","Cell 14","Cell 15","Cell 16","Cell 17","Cell 18","Cell 19","Cell 20","Cell 21","Cell 22","Cell 23","Cell 24","Cell 25","Cell 26","Cell 27","Cell 28","Cell 29","Cell 30","Cell 31","Cell 32","Cell 33","Cell 34","Cell 35","Cell 36","Cell 37","Cell 38","Cell 39","Cell 40","Cell 41","Cell 42","Cell 43","Cell 44","Cell 45","Cell 46","Cell 47","Cell 48","Cell 49","Cell 50","Cell 51","Cell 52","Cell 53","Cell 54","Cell 55","Cell 56","Cell 57","Cell 58","Cell 59","Cell 60","Cell 61","Cell 62","Cell 63","Cell 64","Cell 65","Cell 66","Cell 67","Cell 68","Cell 69","Cell 70","Cell 71","Cell 72","Cell 73","Cell 74","Cell 75","Cell 76","Cell 77","Cell 78","Cell 79","Cell 80","Cell 81","Cell 82","Cell 83","Cell 84","Cell 85","Cell 86","Cell 87","Cell 88","Cell 89","Cell 90","Cell 91","Cell 92","Cell 93","Cell 94","Cell 95","Cell 96","Cell 97","Cell 98","Cell 99","Cell 100"
0,-1.63744457053015,-3.17039420873239,-1.61205745217278,2.21046663103534,-2.34801726287724,-1.0537508254089,0.0187664641174091,-0.533229017448207,-0.457262241051198,-1.60310850045389,0.584348277794747,0.696428073570509,-0.0725395860683057,-2.09302086048183,-0.0286654500407095,0.187355160094828,0.440973471606406,-0.768116576890751,0.101995237810257,0.741881608908727,0.748741013525483,-1.69833713607202,2.4860090478402,0.58352750006152,-0.838771717178387,0.925155077828657,1.95125612089184,0.169336174728799,-0.162091507444236,-0.0629072021164984,-0.464196738345977,1.34851524768999,-1.41114339248786,-0.59967443589631,0.0605715977018021,-2.44077795436142,-2.24440489253942,1.42422554029544,-0.173294354232104,-0.525700572499523,0.225527584473147,-1.53460039765045,0.418170161419631,-0.00208149711333033,-0.122059539728926,3.07235071124537,-0.211865119215268,-1.54066786294538,-2.47215229967746,-1.47446496337222,-0.502347266509002,0.716730676914182,-0.11037507241987,0.2914768796178,-1.17878714893755,0.615685269374627,1.22052756927374,0.848145544744017,-0.231293267001767,-0.88368513021128,0.675393728954067,-1.16281816224847,-1.62104405653751,-0.14241815156143,0.480762598585569,0.0285967766334493,0.723335911821112,-1.30807837845374,-1.20553409631053,-1.18029596048585,1.50593866341266,1.8062069367569,0.00504924396287243,-0.952034683831281,1.3956760719308,-0.102681028633915,1.73876208641898,2.66326642943537,0.604462202143175,-1.05201509825435,-0.219479920872963,1.78826063063641,-0.63825304342594,3.43874226825918,-0.266381492034941,-0.5243246437874,-1.85714535621765,0.428215315704441,-1.9316629272637,-1.41647110247819,-0.807008017836369,-1.22031201134829,-0.00672336439651233,-1.42245663758261,0.336603662265859,2.18948130178301,-0.0236851156206133,0.400957996464067,-0.655287107961011,0.716603359994952
0.5,1.06864482409129,-0.411824710232348,1.91367357425402,-0.101369326155843,-1.57658772005771,-0.635634772848573,-1.84698995957925,-1.12506149674082,-0.957877237189536,2.21132904853455,1.41653458729721,1.41480094169319,0.709042144070909,-0.347044353239749,2.05939999057518,-1.54243324846528,-2.69525719877243,-0.0301134653532064,-0.331575556096733,-0.551036067875173,0.0264713748346154,-3.00650624958703,0.548790016107222,1.39304261578604,0.0820240366016661,-0.890580534215066,-0.426690661211265,1.49722097118079,0.739898614257308,0.151814107207331,0.985218377947523,-1.16624753506369,-0.240290323935151,0.361983903490784,0.426569936334362,0.315895337503446,-1.26292507005675,1.23778351136726,-0.216496413050052,-0.602247982037073,1.72254095908097,2.04057676578607,1.15121007715933,0.193785992926574,-0.508706611976402,1.55018505262628,0.690340590804281,-3.25393784800278,0.668364697097543,-0.067686784958249,1.53895370778583,-0.377956620144881,1.94717186323714,2.44624390341863,0.0748888652681474,-2.88142517877012,-1.57870819678567,-0.10486305916493,-2.01881695088387,1.80681533014967,-0.476303659585878,0.66053488450546,-1.21222386906166,1.57192558525949,2.10389681901743,1.9997594643442,-2.78202856585483,0.511581624803249,0.514042864103825,2.02004936193502,0.898739661116243,0.587822458494435,1.42505605762015,-1.32968662308938,2.65451863605956,-0.430678295582298,1.73493909012886,-0.153870507717123,0.68524019101618,1.01371887190572,0.459063238458604,0.680155684962466,-2.66173511653294,1.51480075657743,0.329514759340002,-0.241376248814877,0.459338556370193,1.49617652572552,-0.850788083771469,-0.808656585777032,-1.39771432919045,-0.0545195440041534,1.69528131950687,-0.337650933627259,-0.600966493755142,0.625103575236142,1.43989828352067,2.92595543354526,-0.380316821230981,0.845656662216346
1,-0.206107342986228,-0.573741026456646,0.380577336450915,-0.240308265264906,-1.76141369455727,0.44025856820408,1.661616341795,-0.893281885632346,-0.0988815965217333,1.03167312828701,0.195909516740608,-0.0637413092301559,-0.322994485786218,-1.5446862084001,1.17938770478509,-0.815361702940586,2.44866073812025,0.900857594076429,-0.382263765915997,1.60034817973986,0.228968706368227,-0.836815436693253,-1.48002424470869,-0.343627747290968,-2.72636698407923,-1.48271959937,-0.310729926774481,0.475852555059605,1.8973806485815,2.54229990491878,2.2433441750084,-0.305396667968303,-0.355089471634333,0.996870315397535,-0.447275142699791,0.603382740773692,1.32454277824021,-1.91681354618242,-1.51958694336365,-1.41748302094368,-2.03314865485938,-1.39548278862585,0.00454733184557976,0.575140359386193,-1.00711228278435,-0.103777601761404,2.130943081376,-1.83893070389559,0.739682788156859,-1.27972436973579,0.150002540091087,-2.52990864114714,0.598675759107403,-0.0494297302080211,-1.20053186936117,-1.10944273458725,-0.941753361670732,-0.45118704617134,1.23894523166484,0.954726380632054,0.0964446305690494,0.889007551542847,-1.1838772178329,-1.93704047110021,-0.993965843905517,-1.89313657112564,-1.01217064855407,0.54064242767936,2.52931241351265,1.56080409819127,-0.766540353249859,-0.43687013883167,1.57456003783587,0.791650929181967,1.42091948634486,0.946419837321448,-0.303808870981385,-0.460681055340399,-1.51645083691734,1.30869195009889,-1.96459152201271,0.754510583611371,-1.55932279562829,-2.37494197931675,0.184822661711952,1.02809311713977,0.0758187704549846,-0.162134730311481,0.898683114364216,-1.36403838786788,1.70000744835944,-0.120913392679187,1.91539676780473,2.05825350307786,0.320400739076099,-0.762530118391856,2.0433256972759,1.8131831300703,0.437914480096542,-1.06708385060457
1.5,-0.160331343056028,0.765102674464846,0.117811528023324,-0.371999426958627,1.29181224550552,1.85569132446045,-1.06002807256579,-1.94503715307412,0.644341370658961,-0.932228275256208,-0.349602614223839,2.43124089695958,-0.00970639831385545,-0.0349209763145216,-1.13449954217945,0.782381829922461,-0.688560913403192,-0.105768152671801,0.786356456687042,1.87514845415826,1.52550339744199,-0.78304122175694,1.84942402278738,-1.82548253391166,0.805602978912084,-1.17868503083544,-2.16170072707424,-0.0428450542000313,1.11659985935275,0.339186561400196,0.921410525295812,-0.103125723689535,-2.2960984471865,-1.0412759831297,-0.604110485811495,1.36133856327934,-0.485173581230814,1.83969501596983,-0.608862208763888,-1.13743392179796,0.886257511386276,2.14902995420834,0.853838664564564,0.75678254191388,-0.533638552737393,-2.62332630003124,-1.2130012211851,1.09270802930408,-1.44245577481194,1.64118875977212,-1.3995711321277,-1.8894634684265,-0.678159254675629,-2.29100269327363,1.86694691195717,1.60571876570235,-0.752913768140701,-0.525341894573363,0.978945221623652,1.65742597097359,0.675373577017729,0.349492708124482,1.21024579548581,0.482541206651611,-1.2440141806846,-3.36331585283522,2.68354756264775,-0.227701839504565,-2.19034154156139,2.15444921886996,-0.823264965174522,0.623709836731204,-0.926516311153417,0.694041305139664,-1.23400909828118,-0.556250793127795,-0.627618641087452,-0.886249525306141,-1.18719500822463,-2.3930665414543,-2.15615507436299,-0.687608138375851,0.454094743903785,-1.38919984962806,-1.29198279818612,-0.403242388789387,0.128821640007529,0.673220973260914,1.65588244183518,0.741874210745237,2.7673917553405,-1.01233705236471,-1.6298957410346,0.150117202224393,-1.36363019128611,-1.85864432591465,1.17459271909857,-0.558152672503141,0.829790745928178,0.00540163584177538
2,-0.933979188925843,0.764687377138563,-0.950152754279089,-1.11815925731891,-0.77318873880689,1.76136252287552,1.29242894089202,-0.630515390556041,1.13797419846121,0.550518320920143,-1.3826966911731,0.12249865559776,0.804202421823393,0.118404502922896,-1.32230289003163,-1.12073022470876,-0.042719710607616,1.75797910909168,-0.0454355544286009,-0.545919537431492,-0.225350631147929,0.0341545114363704,-1.34674724976153,1.18429227654498,1.49393384867451,1.06774446426241,-1.68234668857035,0.444646057034839,-0.85687835638856,2.18438159034984,-1.243658318254,1.07087163506837,-0.338629332402577,-0.376659165375479,-2.1203814456349,-0.356615561302413,0.293922633053651,0.595993844994451,2.21895442730175,-0.429667292678671,-0.912297943165679,-1.14290800508574,1.08324617601298,-0.408465466773044,1.27032675600288,-0.858050141658439,0.646526574744378,-0.623595823751384,0.629197161162221,2.40756699057496,1.85475680305906,0.016507170279766,-1.06286067118612,1.16310765087678,0.995357323821702,1.70123317040089,0.535136971363359,1.32968475836671,1.7882110801754,-0.50011684954828,0.345192583610452,-1.08641103089435,0.995531550068611,0.294611672713761,-2.10276570874856,0.405676121956578,-0.248775219949096,-0.436298386798116,-1.88666178865775,-0.140713966777377,2.04345653538315,-0.141018557667528,-1.58142642903478,-1.93759780517596,-0.441337809378448,-0.728583028223434,-0.553067592391602,-0.288805330463317,2.19144913386952,-0.0273009124691594,1.23437563356404,0.509020662044945,0.735491806785294,1.37695794873473,-0.574742641665944,-1.93792485048482,0.549953306176038,1.34662948633232,-0.509956974156899,2.16921254340431,0.343192445744472,-2.18513765642691,-1.91455775164254,-2.70671991921509,-0.835867274216789,-1.25404204423409,-1.75184099106276,-1.6761274548788,-0.0283341503121208,2.14397489747183
2.5,-0.780360576786871,0.344164683217931,-1.40159385374508,-0.21148674842964,-1.90494007698057,2.67896765238455,0.976240849335654,-0.256667694960973,0.304546262365664,1.72249948347946,0.538338231425292,0.8421876847673,-0.657192273228665,-0.709964180330706,-0.459699138149977,0.210747341178383,0.432419837083921,1.06564492452961,0.219979738708362,1.20849324061623,4.04227783935424,1.22978533755807,-1.3481048984421,0.203875483589813,-1.87506923193012,1.56811497665327,-1.34576653696026,2.96177531815411,-1.22714758105113,-0.423760057035971,0.74981297602636,1.63610759018761,3.01683399453128,-0.347276163820307,-0.115388859153642,1.22035706049163,0.484981438057956,-1.34255164115518,0.94933276946278,0.910192802395928,-0.587213568989889,2.42770905262411,-0.581118697291394,0.239832473187671,-1.77112716981297,-0.0594618100445495,0.445515875034771,-1.14177089812918,1.03751442032691,-0.339785546815481,1.95158145734164,0.221330000873216,-1.01562550904876,1.69526456181603,0.822622266798409,-0.367099337222072,1.11385566783155,1.65745977640555,1.59841509988299,0.428106416964288,-0.965277635618426,-1.78945296389315,-0.441716428198384,0.0744186207471556,0.73250651882021,3.49045421730085,-0.64350462084264,-2.15505309812157,0.13718509141473,-0.780059252789503,3.02240925622356,0.540737577884202,0.629463873235238,0.609373695917362,0.116236176064422,0.159564574672872,-2.25339464280141,0.77754555808584,0.860850956235715,0.0223298305642141,1.64450177481138,1.13405806833326,-1.67745848387109,-0.0733960074213752,0.75535511541894,0.856225531468032,-0.311946209072768,-1.05750423674433,-0.679514299143751,-0.200540134752041,-2.07892014672354,-0.108167454787266,-0.423392478457518,-1.50351235639088,-0.949470718297655,2.47878826304819,-1.34657139529412,-0.664707404016819,-2.10202185120397,-0.0643201439975054
3,1.34448698231146,-0.0451352843482908,-0.75422879502346,1.71086011856458,0.292716712901076,-1.07619206948866,2.29363415712699,1.16261742241942,0.666740804311668,2.18086997092653,1.02154872459773,-0.020878313044452,0.437163879770214,1.3117440000019,0.232886683978593,0.309132373569282,1.98131162408512,-0.22079195450518,0.0720305433718981,0.080295680961495,1.13647415155992,-1.55295459309676,-1.20022844767422,0.304800373554107,1.70766467601233,1.13860782105563,1.14733447203374,-2.00033734221597,-1.44375354202785,-0.186176722001987,-1.41265561655307,0.300582523849082,2.62488556763498,0.830915779729431,-0.942267534720022,2.22651188951308,1.23875799975699,0.173233629767136,-0.16123936113208,1.30150333409912,1.54520312902165,-1.73078037007116,1.69571299055529,1.72779333367745,-3.31091918938976,-1.4599581533709,-0.252501067453838,1.70684293423932,-1.19431037462493,-1.45510944853781,-1.01933370783462,-0.38873531539805,0.185352484714584,-1.75734581199455,-2.18873447883628,-1.61826391908866,0.0830419413992773,0.097679401293544,0.157493260079643,-0.238393872904608,-0.0509679561108882,0.0248475299921848,-1.355822905832,0.168682746286511,0.66817161261844,1.48975715608401,-1.95935855529991,0.619198116579825,2.18497868304205,0.287935593026613,-0.153611805106377,0.56339710617305,0.67815245767189,1.67629960442107,1.37207600008453,-0.73795665400351,1.44887512666419,0.81105624153941,-0.0200183883586999,0.855223757840168,-0.888730844194287,-0.0334678472942443,-0.889994145844226,-1.37007915881302,1.22525953412562,0.146859773758972,1.39652227879062,-0.577306282112817,-2.89817500810509,-0.661872897292282,-0.594714052358947,-1.02401342586973,0.0683578716179973,2.04586089045404,1.17280168153087,2.1507209865613,0.847822297264196,-0.244003647144393,-0.860697682787058,-0.0968191947457913
3.5,-1.26427640652758,-0.279786609821937,-1.07376429338863,0.0572346902151842,0.212931854184903,-1.14253243718281,-2.20021819386134,0.940415616425891,-1.15031087109529,-0.0254217398313875,0.147189050128921,-1.74479575335176,1.20293769824603,0.405737108066203,-0.365722959759814,1.29537584983758,-0.702878468927029,0.7057838668216,-1.40142508309522,-1.38844321949525,0.466199419477353,0.159400036400193,-0.121659820628901,-0.848716985622583,1.57369833355215,1.30455533515877,-0.675268358006536,0.184164018655422,0.664818516922664,-1.9963950003316,0.649791313998687,-0.217387420685584,-1.08601458834493,-0.380198675325133,-0.618878780903214,-1.34676822497506,-0.197854072325645,0.84826552450044,0.166007768559908,-0.0852629232613339,0.626480818203668,0.251400034579923,1.26111176118432,-0.324529767830432,-2.2084665867041,-1.55052795603951,-0.44367825135082,1.89256816884137,-0.576268894363229,-1.94710514228696,-0.697982895942134,-0.611784362774502,-0.138578445377726,0.269983605503287,-1.65050267505309,-0.644969148569349,-0.325755214224433,-0.509932570336849,-0.841818165097083,-0.0643397155656075,2.41234634793909,2.85717665617432,-0.566532020252235,0.907231736334863,-0.44548205800626,-0.808042315789412,-2.09914102864257,1.60050177329577,-0.447733457189692,1.49036162414293,-2.26708781886861,0.04058681381073,-0.703226083244239,1.55790657012155,0.160778982532592,0.938718296197904,0.582272513377749,1.93350420518164,0.102279019735363,2.78528776195038,-1.30402039843527,-1.58766063146333,-0.919899708885226,0.649005288709911,1.0699519077004,-2.67236424951596,0.78218048174019,1.50412922784389,0.788495591649311,0.130108869549347,1.54784167224282,-1.36075453027596,-1.24572475341992,-0.201264949753286,-0.0604874926416136,-1.04661642867651,1.52951648746357,0.419609942219232,2.50033338895948,-1.69489055925585
4,0.401048858226082,-0.074618391022472,0.138486401684768,-0.170257015668409,1.15967896140762,-1.18106504601947,-1.02099381213829,-0.100842140395962,-0.37063033234151,-0.158046732510206,-0.250866927964709,-1.41117095095166,0.343442499236869,0.145474882380624,2.33554701529624,2.13111281109509,-0.803367955752081,0.844835023664721,-0.215035669474421,0.597717853670821,0.0109481778215485,2.09866018731337,-0.416818941768656,2.04518631387282,-0.65717824262437,-0.813547239599497,0.470082812856119,1.47393345164169,1.34573384162508,0.757432425610164,0.534487600744824,0.607242735602515,0.226940369308816,0.512156987203699,-0.889643990482138,-1.8678737839002,-0.445403864552132,-0.117337741481564,1.30743683217922,-1.45494139114108,0.792630817321598,-1.81278156740706,0.723488519958006,0.894296358434522,0.483141885079455,-0.235866268808247,-0.0106032433799172,0.213475703716409,0.75815919847329,1.37575169621593,1.50903905424123,-1.94360174387453,0.440972211679464,1.62097701232543,-0.268366191390354,0.449968377514901,-0.146386310919846,0.595075504582931,1.55711142561247,-1.51671247128819,0.211048190228494,-0.577818054220388,1.47692384021627,1.05816391388204,-0.72482070900266,-1.03710289998975,2.10089802889187,-0.62227804484354,-0.911601979021802,1.55996889736856,0.358250646330409,1.3301112529165,-1.94365152074559,0.0973755647566148,-0.224570413662208,1.54431035461812,1.09536751948053,0.769697564344689,0.578789858701505,0.61676622520991,-0.636804995942003,0.269793287806174,0.463191373545906,-0.776018068788618,-0.700225130282885,-2.31675403560286,-1.77033722303797,3.79847376258166,2.1747234096247,1.03690402139836,0.407182486327946,-1.04989328693531,-0.401455942043169,-1.78775932669348,1.86018752725229,-1.3507422366601,2.29523843910246,0.820912220538212,1.9405316607536,0.55284651104057
4.5,-1.53324723312459,1.32225515729084,-0.314014553601649,0.540154551508489,0.079047690011066,0.189515707002191,-1.35628980367877,-0.328029754985631,0.997614736795768,-2.30292156954329,0.773831857335223,-1.65175153547988,2.87032312180208,0.924798373124045,-0.361112296177635,0.422809196882864,1.0264160204773,-0.396601510131121,1.1620969685055,-0.516295248074096,-0.830488767422084,-1.55315026791835,-0.592686223598082,0.347653979031077,0.248888487210015,-0.813798078859884,-0.291729087530257,-1.50559478071873,0.415155588065694,-0.67037987596892,-1.19352190459962,-0.0918912137828708,-0.648123676490338,0.804849674125215,2.87926027521579,-0.611472074544596,0.56678686002163,0.416738685174934,-0.177262865403002,-1.31261858823237,0.41457092752297,-0.739376817399403,-0.807022077220423,-0.302024229068004,2.11504617250792,0.891605659730198,-0.467301773865495,2.24900024556148,1.24675808153272,-0.279910658973927,0.600321540245249,0.984326893956434,0.489962922689492,-0.621103663490193,1.39029547342169,3.11629148884192,-0.099315296766648,0.899050176688464,0.972395856446197,-0.296739639404173,-0.449609362482785,-1.97322287070566,0.0034659737943579,-0.430549668448539,0.0496065949995137,0.905289653387407,4.0140976056869,-0.838164019441881,2.09706971400165,-0.306975056481582,1.56052102796866,0.783273832430239,-0.0171567664208291,-0.871944840265426,-1.80949277371357,1.023809545828,1.20525320994031,-2.09889752342986,0.153769328128617,-0.853093162968538,0.253983119070614,0.396778508025728,-0.320096836116668,-0.681304650073953,0.556462170256734,1.30923048935109,-0.196602165757952,-1.95946074612428,1.25377870169993,1.59584948242293,0.0432080848284939,0.46833956309458,0.444465791846961,-0.0541500833906516,0.566400345431904,0.0178179381036083,-0.332116802239766,1.88479167465294,-0.444420692122198,1.80090732140088
5,-0.344210120638484,-0.0505193872706049,-0.307630623556319,-0.301644193862632,-0.0327623093171975,0.518860892621366,-0.602567041439786,-0.198696999264073,0.916268744988882,0.0753085217380508,-0.00497423140280195,1.00475582550058,1.81864768631751,0.565564369589406,-1.38711444071245,-0.231627748911776,-2.19972992601275,1.95996087810451,-2.26428129868109,-3.24436146350399,0.357990388528193,1.04832084890618,-0.541392660723321,-0.405948340466331,-2.12499764274471,-2.71610337306931,0.415570927279865,-1.16694383324741,-0.0660948004822341,-0.500123879523978,-1.70309637106945,-0.173941518293167,-0.32105724180586,-0.178750056945559,0.632901198625999,0.207925009857023,2.82989384819159,-0.267904671756206,3.42816736057436,-0.69424693008864,1.95387122051307,-3.0518722654085,-1.06374962462922,-1.11392517076077,-0.00272883905946626,0.721805912359734,0.483235665614505,0.413616813792308,0.0317841013036128,-1.30126770415746,0.132943735667747,1.06115623832013,-0.637384714277268,-2.00500393620844,-1.96921076175302,2.05690724144592,0.827414743040082,-0.00218826006407857,-0.246097649541705,2.41557353243479,-0.914745329594205,-0.710052349098705,1.34092826590186,1.77932587406749,0.474958455921624,2.58961428781161,-1.77867636444222,-0.476230043623744,0.508221120657056,-1.4330192252288,1.08508501687492,-1.41491559582093,2.56713935322502,1.09658972627716,0.207355332461718,1.4455602849665,-0.00169478225783509,-0.366258654815918,-0.138444301847381,0.212337971740878,0.158520444109825,0.717499116220992,-0.43758540903547,1.58207661355799,-0.536645914548394,0.854521027583375,0.984329635045558,-4.22744122447436,-1.83935566708402,0.613666452097113,-0.689564484175503,1.93077914456866,-0.916900207127988,2.49070804472138,-1.54007152618617,1.9906012353983,-0.728078000575515,-0.777658998339398,-2.2672852722536,1.01228737425712
5.5,-0.72796109776049,0.866021128994632,0.255766687374472,0.644925709896011,-0.316604745941336,-1.91254426888885,-0.233031221009725,0.0334659537858295,-0.201443344869544,1.30592418133187,0.651301387967798,0.246969750530088,-1.06167385034003,-1.39066750355545,-1.96485443172555,-0.0174264913494336,1.8383163538456,-0.269194034577305,-0.559333373616214,1.80397737920526,-0.46784149307945,0.490945954652379,-1.32611623882176,0.416579691387503,0.453769793040078,0.894139887312747,2.16840781428103,1.53998069062932,-2.81480881201821,-0.255482289500089,-0.268727714299052,-0.885308812424793,2.00476525647459,-0.33679078896538,-0.177948424092598,-0.505106638123466,-1.3236304935169,1.42959399464495,-0.38256572163025,0.474972535020564,0.0149376725326499,-1.71679689807418,0.0960085238569435,-2.27141481284351,-0.603231577739269,-1.44709814936393,-1.91164880083416,0.738136487123489,-0.337774366401162,-0.263382056821871,-1.87959435201965,0.7578207705575,-0.732148726935647,-0.103105625368913,-1.6893414140599,0.0770491009661833,-0.651492122232157,-0.460169357784833,-0.471059732561096,2.09866551076869,0.541415245955507,0.294758858664193,0.326739971004725,1.34629789554814,1.54871999807763,-0.0340284975834703,-0.542008720064293,0.698839523521944,0.0150989060330137,-0.512924359461754,-0.861980058588975,-0.769283539441094,0.817277707354615,2.19638167057365,1.17244900795271,-0.502325247758771,-0.907043729138006,2.34654314919939,0.100104603778316,-0.792850554626229,0.191933899381863,1.99396325146103,0.577736885402124,1.23729677964887,0.568797586274298,1.46033785866163,-0.186458329299638,-0.0466887551216242,-2.2903734160183,0.838498744324674,-0.715299949519209,1.82393007160867,-1.06685618255455,0.2343569036011,0.205250255032137,0.0597782676845817,-0.803951139752487,-0.308209922856115,-0.149399412324472,-0.431361613621284
6,1.18802152493908,0.524964769047789,-0.752438413586971,1.28070254111218,-0.670701396564174,-0.45485556456112,0.330448256809879,-1.88268014823169,-1.43498006921664,-1.07090248353719,0.610307697491996,1.32013618052745,-1.59438598198473,0.301903973346807,-1.53470698202364,1.59876071555272,2.67713343703662,0.125454379414143,-0.111267545827127,0.289136256103833,-0.697117436740797,-0.974688634397734,0.888171925482508,0.115763805731745,-0.0879976508096044,-0.968643064847212,1.43477750918751,-0.55852843385012,-0.466866894154897,-1.14525678170361,-0.599884569829723,-1.42644492423793,1.71917634216298,0.107373719588434,-1.73150822728941,0.0644986243113813,-0.0683672799413824,-1.27097002314797,-0.160311680231899,-0.0430460662317981,0.870505861194411,-0.565196210357626,3.07707325780721,-1.07618844849362,-0.153392362228261,0.512181312438408,-0.364605261108057,1.54384965971774,-0.125192162649082,-0.000457045564507541,1.35530633739487,-0.256330901044082,-0.807182727739284,0.980528779346637,-0.559691871443368,0.830430956710972,2.55307676733014,-1.83842993263934,1.46857443027745,-0.943586926087798,1.75928743758761,0.388316456213402,0.0310824639800803,0.677754228606432,2.21601288633893,-0.713126269307978,-0.487105897939955,1.67616822034442,1.3078774082965,0.622711560855927,-2.35553049493967,-0.470668113227489,-0.395204963038385,-0.445582115361681,1.18778296062377,1.28862122376395,-0.775996851448069,1.07919406044799,-0.543697562752712,-1.71242182089737,0.380803278677631,1.42080519992694,2.03683016060379,-0.916532043216366,-0.742278715123386,-0.524127541295422,-1.62128954223812,0.487054608383459,1.18360072047242,-0.90351574541696,0.570285718875403,-1.074236211411,-0.0869711798230747,-0.267099307314528,1.07521423549474,-2.24237696381405,-0.149510603793186,0.618507593401962,0.809933924402582,0.818073728535989
6.5,1.80986139125169,0.819594459862397,0.406548144433536,1.75096743945203,-0.691240990329482,0.810800549813395,-0.292248506913251,-0.524122472735952,1.78990701944553,0.290583709564332,0.507903290680554,-1.25374474016478,-1.36685957386282,0.0790729653891075,0.736665354886582,0.630530167046836,1.91493733065203,1.22809674639811,1.51133907615877,-0.517652736354229,-0.34031017907287,1.98808257897841,0.831482458155278,0.326252426433263,1.16814577956829,-1.48838221714816,1.88854834163295,0.233153010067558,0.112926378161056,0.324036370219276,1.55406087377403,-2.40475801503296,-1.7048600836335,-1.41677631591162,-2.1055066672283,-0.771978284114627,0.242015571728237,-0.0894119215558868,-0.443195005072408,1.94038116592689,0.709819770051535,1.00553016225926,0.0751087398296606,1.79819224130067,-0.223437485796745,1.26771409052761,-1.55430947878053,1.25071584925437,1.36677430947263,-1.28481353520449,-0.300749106809646,0.531693627053808,-1.12719380768365,0.747384829526446,1.1940971689312,1.59290274850564,0.0508451394093501,-1.09984363055563,1.26360651478952,-1.82310275525498,-0.506969064647103,0.492759177324579,-0.17495339387285,0.45255301446781,1.84936468880666,0.455897336987619,0.251918304011398,2.86665173352829,0.587731142090801,-0.89181347525505,1.13818676270629,-0.438088727200161,-2.0785981313012,-1.05631312839092,-2.01985736071712,1.87486715308466,0.652179551783142,-1.52141027379763,0.95570198891735,0.171840535956895,0.684729532844472,-1.14489830940121,3.14271850301809,0.627131684099007,-0.300851442029803,0.0883170366132794,-0.859314656036009,-0.512046587513621,0.735844050534774,0.0344716453878373,0.75006087305352,-0.705246917853064,1.13482192587855,-0.667470644266913,0.0621386710083779,-1.6839388382546,-1.19239748418708,1.444408876254,0.172915314943498,1.12282228970414
7,1.47048608121246,0.785478005562689,-0.467205020595743,-0.183074899953285,-1.11879966279109,-1.77129638765895,-1.74428316301355,0.768056234597376,2.54835521786317,-0.250244122523578,0.102601952138291,0.166340904465659,-0.557035394878848,-0.400889589621944,-2.6808024960217,0.00163743454473564,1.5735505259491,0.476830980761304,0.128985958044281,-0.559294325519378,-0.995222751255387,-1.24765574416628,-0.454595503814992,1.3964713941832,-0.0984945836163052,-0.135129226918773,0.964975172718828,1.67544419015246,2.18172573992352,-0.615231910937556,-1.83927185063335,-0.990596356691072,-2.40050545681873,0.147346245375009,-1.98198819037303,-0.641417918798057,-0.320344820459673,0.425722922064558,-0.0439502380122603,1.01941204425931,-0.69535650022526,-1.51245909671303,-2.03398941837608,1.23188338066138,0.435700860621426,0.226870382225818,-1.56931662480849,0.118462201349545,1.16733058148114,-1.31575844870062,-1.36752178073861,0.514349658829506,0.858234892664055,-2.70510150152423,-1.0753276103354,-0.111520135709742,-2.89749376307099,-1.46885479437784,-1.22753421928783,-0.110509291657831,-2.67637393630939,0.590598878869301,-1.86310417578262,-0.661599946258384,-0.493299914579196,-0.200252217833994,-0.730101217601066,1.39038408695994,0.0664068263032929,-0.721696791733408,0.837129383984969,-1.83170551149912,-2.0272746444712,-0.355427651559929,0.311018427798759,0.224308785941131,0.0620192729088969,-1.21652195682906,0.35993951501586,2.50095428099223,-0.0734493770160983,-0.732419845430098,-0.0736076271254189,2.75636089090333,-0.632008674320886,0.601674889725597,1.08980712924947,-0.668514859053237,-0.217469174541999,-2.26218365694265,1.09439421122595,0.00361541491488365,2.1565997954018,1.30415629784751,3.71401474736712,1.24520588898284,0.491904746775548,-0.38618423751015,-0.82420415439441,3.01823215904386
7.5,2.36657168814565,0.422856009154274,-1.76274851405142,0.198315709376607,0.0132567512262113,-2.38829960061098,0.323724080080965,0.189806414613318,-0.968409809115552,0.925325667761073,-0.0229651881937422,-0.62817913972205,1.01079148049845,0.295898979447907,1.35571073638165,-1.3144855093252,-1.76635286416281,1.27633053916143,1.01623801338473,1.0457361057539,1.29862137517163,-1.81233359307239,-0.541696372307053,0.547852635137383,-0.744189526463939,1.05100698431509,-1.04622890155526,0.729017381530228,-1.734435028203,-0.708799502190497,0.685830964433947,-1.59322034889447,-0.624434634480197,1.26243276498763,-0.529186600892294,-0.804578541915873,0.728612486396817,0.263699073131781,1.82194260184617,-1.6897554401125,-1.19075118219387,-0.926657076867922,0.885075388051385,0.292623212119098,-0.305148621489359,0.0588217319100097,-0.542547297821418,1.06903561302119,-0.457652912668246,1.96682515842724,-0.602107514573972,-1.42498659363907,-0.0753166443952874,0.24126335825218,-0.94499063339017,-0.207667967221394,-0.579843325519982,0.123831487628065,0.193759779840938,-1.83852426571512,-0.906224393902735,-0.973342468166954,0.949607804212451,-2.51038886664756,-0.351048329482337,-0.0217521475752369,1.04288375095363,-1.15047210259361,-1.76403565993588,-0.331600104091981,-1.36582931794067,-0.926680307499664,-0.710706587491297,1.22846864345558,-1.89603294089246,-0.682991804132351,-2.19636825826183,-0.457516682280111,-1.62632623562734,0.372679501538925,-0.302651360707778,-1.13095554641362,-0.90689035045384,0.675989517118182,1.34931973589583,-1.79220541398232,3.75814005883708,0.303779620339212,-0.806584995352719,0.895234408659694,-0.476016371151072,-1.5620821057152,-0.559824339188669,0.159279690340531,2.5325902191116,0.358011180204702,2.22076198071332,-0.438026139703774,-1.9149734132142,0.231733310224265
8,-0.101905739192223,0.0729651516147656,-1.16884160659075,-2.06457957618994,-2.00588875475702,-0.846631315654991,-1.2476895528044,-0.78351113901237,-0.933466750233981,-0.791729806936326,-2.62184237185131,-0.141867243466364,2.54703638272398,0.317940669109294,-0.125009006719002,-0.116760135475322,0.190067513657863,-0.769782382292912,-2.57963637660259,-0.479031522855828,-0.206384011357865,-1.69676190485052,-1.26392668478339,0.780750719851327,-1.26546815471866,-1.55191528488846,-0.599254602445448,0.790856688350316,0.53871665666412,-1.20869012672978,0.28120955753568,-0.4665752066143,0.69192732495933,-0.138538094509151,1.19889646201865,-0.379132385348421,-0.816530484446934,2.16709439266854,0.0908269153494403,0.734888748915303,-0.323124667213641,0.212003744722129,1.40176937515526,-0.231439985347674,-0.930346588343573,-1.03145747411661,-0.0236990964825454,-0.862423997993692,-1.71418109949262,-1.80316311909073,0.884723436792493,0.780937034289618,-0.239385738389948,2.05104592633602,2.52096044772288,-0.833828330184829,-0.32936845071555,2.6601537519216,-1.90502501237205,0.649796748535806,2.31440254708973,-1.29506848273718,-0.329431130953464,0.506849909208903,-0.563865095461598,-0.664213497884306,-0.490744692309002,-1.3803401995992,-0.442824177768074,-1.02239666911857,-1.67057546018241,-0.269813412187852,0.15424623073578,0.108908921127335,-0.61041575339065,-1.0295544875993,-2.06140354272504,0.325222275834844,-0.497975402964964,-0.0593948175194872,-0.853387582237183,1.08173624252963,0.225504576001582,-0.440435585260026,0.263451698640248,0.866781037071756,-0.139965663564563,0.225155346313268,-1.62772301092001,-0.169887082626227,0.40351889126784,-0.227387854999179,-0.97909356938883,-1.06478095266172,0.122604501636478,0.554380146889771,0.192120068383397,1.17878593418983,-0.184520353340481,-1.92911958011164
8.5,-1.60563495847734,-0.148406518915774,1.18721436282841,1.73120630392315,-0.958690943429464,0.0816412938215666,0.0543308940164829,1.55118907428722,-2.14526399523598,-0.969426087245685,0.265760779406348,-2.26187631537773,1.30355314495749,-0.511699711403084,-0.0670360689393963,3.22618112349694,-1.05697646835662,-2.11182103022217,-2.03701931198044,-1.85759811354425,-0.809750379947894,-1.63745758371587,0.053778204112417,1.0887370644723,-0.536802040801595,0.407987075668581,-1.94852908244579,-0.496044902214611,0.660233202127726,-1.85242118416236,0.856942547149609,0.112167272062688,0.908955865625276,-1.08483416546608,1.27778142353965,-1.06931442883291,-1.21272243682805,-0.86327215937454,1.56268598207562,1.70666940195638,2.32514787226959,0.316616412580707,-0.738816873647119,-0.301120858604058,-0.491562471606725,1.3443795202958,0.995556027264073,0.132093525632648,-0.436403576711017,-1.2946196601385,-0.536122321704985,0.636059557236374,-0.0600372005351042,0.214539198749038,1.67944999209075,1.03214885128247,1.05599302378577,2.57136557841593,1.15581464234235,-0.0118189573793758,-1.38958993361306,-1.90093390424954,0.343286699573743,-0.438850733359499,-2.18508489273119,-2.76756814000872,-1.71992914300028,0.509702579808128,0.584946499884209,-0.418182799618712,0.86492059199144,2.76278651751256,0.967002202842302,-0.310144981320583,1.54191640945078,0.676476216822977,-0.677932144441079,0.894663764436699,1.55436507677522,-0.717927659337298,-1.65203631152549,-0.549411528471969,3.18512547903941,0.913161561359645,1.65454043261004,2.26057467925378,-0.865079776947167,-1.38019963701473,-1.13284041936586,0.711801358179763,0.264335795193456,0.565382130065369,0.758893969484327,0.156846670135422,-0.459618191176018,-0.607064385623978,-0.0327524523025514,-0.861943853559233,2.37865662179244,-0.197230374068655
9,1.29730422428208,-0.328732569515963,-0.368343558998491,-1.01135834815767,0.174814447762713,-1.35105446765074,2.41061312113714,-0.384861059476568,0.355891106782772,-0.60132830298678,1.52574795877942,-2.36792074712567,-1.24816737525851,0.167629328306172,-0.29407574496107,-0.291302643317572,1.50746357594313,-2.54231560199565,-1.19168882387172,-1.5357567445232,0.00490771907008636,0.0276043826532247,0.960303707371227,0.779835686508788,-0.0221503676350389,-2.56402080887815,-0.366091691360946,-0.687285792311476,-1.6452931024351,-2.57197278936031,0.878713295505534,-0.418256886123844,-1.46245448344596,0.372471881011247,0.254510073759269,1.06893435793621,-0.107670987741347,-1.97422578908734,-0.780905884995783,0.857690464166284,2.53850303267278,-0.30485735329242,0.208123617462815,2.13204291198992,0.584828219210943,-0.32889179294112,-0.586570863464543,1.21435787591693,0.967210330423099,-0.546870646350889,-0.371585492192123,0.299289437385391,-0.324274696567908,-0.795450522024158,-1.21409536449953,0.791443449863227,-0.113887428479887,-0.288781048750504,-0.285152851586196,-0.105992978790814,-1.11577868630441,-0.531206788427248,3.25434470538931,0.65941101734531,1.32788804782469,0.216226484393392,-2.25950208883051,0.737344378604088,1.11298135628784,-0.679282133755194,-0.389863107260153,-0.0465988062629707,1.41975246440898,-2.03658782033324,1.82201617992051,-0.687413542230545,-0.839092895775174,-0.974336157862593,0.435554743986148,0.757131930438659,-0.24415078880233,-1.07328547664551,2.2956020198862,0.152793659114618,2.07056651831563,-1.21418343218191,-1.05049383509916,0.937316472396184,-0.381574713293201,0.413878168815731,-1.42745527998421,-0.0780087377754952,0.376823365743877,0.676646447685814,1.52226959812888,-0.22906336585428,-0.859139597626984,-0.411161524915325,0.354625031009665,2.67975684499062
9.5,0.385533882744832,-1.21476956416028,-2.60580119064545,1.14186675558318,-2.12975630142939,-0.248530702787305,1.47914997389544,-0.63368577931911,-0.0114084493043994,0.680885629406542,0.879752223223155,0.934618449076531,-1.16599854496802,-1.18247594881885,0.214325413852838,-1.93886150613492,-0.0309789043049065,-0.647199086707035,1.47500319764951,-0.579266289506917,0.867219479753686,0.117619978027303,0.308450997453591,-0.871409631293275,-0.960031616749264,-2.08642416755705,1.45851313081094,-1.09171717193465,-0.739221423925505,-1.36232619728774,-0.306290554234074,0.578400242621263,-1.05308236309812,0.353399422789602,1.40863694271779,-0.878101535052333,-0.561844663839518,-1.79271805301283,1.32513634095235,-1.641478710353,-0.343816062287683,0.870108894451121,-0.152839017522934,-0.139055795812408,0.954941654561861,0.324800434924094,1.29187023609683,-1.24773081221871,1.15541934229429,0.593569652995561,-0.313712994038976,-1.73499697725389,0.492688620842695,0.444314390090381,0.400369395971847,-1.07588126136386,-1.53804157622088,-2.00065126251632,-1.49762785971211,-2.09552713302742,0.384837913782521,2.25571342316729,-0.0236476068803793,1.00034796085898,0.512352349832857,0.499852374202899,-1.59167517380037,0.491500108946314,-1.90893884321274,0.164741719882788,1.56853847296696,-1.3275949226245,1.36661501179811,-1.5045275285343,-0.721713668258936,1.71354153703076,-1.42911119683653,-2.08569222452423,0.623850470435292,0.17581116628006,-0.941989694759962,-0.0239720837163302,-2.10517552982671,-1.3945606417504,-0.356747121015575,-1.97048349459309,-0.435575783676907,0.905412194353591,-0.542199338883167,-1.96556793112831,-0.692042179427744,-0.646405351336245,-1.03854578617524,0.639048181705712,1.23034948733823,-0.202008758742254,-0.15777237093954,-0.810974831703209,-1.94500543751408,0.59721731676863
10,0.731242588749466,-0.786710742057148,-0.38813474157862,1.02585519804743,0.930980991398287,0.597546060142194,-0.776112292323407,0.735173914083023,1.0671642323854,0.426309836204503,-0.858082928673267,2.60611145899246,-1.53514795227703,0.455376528622036,1.0540667903716,-1.96490902131193,1.88808544682602,-0.455213891422217,-1.1958691768568,0.388070100207426,0.0972645440522135,0.848723302267621,0.229244625941104,-0.672402622099411,0.670942380756809,0.492242851414119,-0.749378009102105,-0.638147587977211,2.16006132590094,0.378632777954167,1.57994162784904,-0.516638849213468,-0.996281948257852,-0.753539250186066,2.40970133081195,-1.7922687904675,-1.00302886967919,-0.855751778898927,-0.0940769335367012,-1.00045876949798,1.11167328259082,-0.110251716873747,-0.705527596402443,0.113429605130193,0.135334683346042,-1.09626687708443,-0.723832685704838,-1.78187490047526,-1.03147290273514,0.0405091379763162,-1.39532689022148,1.31153027992159,-1.23693045176899,1.6257094703343,1.20353559746375,-0.100975966131528,0.696584895946207,-1.52182785122601,-0.284011132694647,-2.91031282980642,-1.14482410349086,1.58707781560776,-1.48272215179667,-0.101750294923791,1.18127910244609,-0.00306694128016383,-0.1262413353525,-0.191922367349777,0.0617326284205933,1.64586619801425,-1.15573230525275,-0.840638229049787,-0.491938137339814,2.16662692761431,-0.397572244568824,0.208245230423559,1.08952980730331,-0.156530718066343,-1.60758444680143,0.0473578952923961,0.769572509820468,1.14748439372581,-1.76385160459752,-1.75616295266407,-0.656897365221277,-0.331235193434395,1.84852074472746,0.797727770200098,-0.835657020215148,-2.1106432309132,0.567168657753796,-1.41009393090505,-1.52116409515079,0.502945726827457,-1.33305192412109,0.558879616448915,-0.761146071601954,-2.5876508285235,0.0507403774978861,-0.200912175656205
10.5,0.828783928357272,-0.214083260297449,1.04053008449548,0.47290693156975,-0.140406464217272,-0.823050770499417,-1.09038789155028,-0.163849614074161,0.670773056128711,0.910065385410991,0.697047329086971,0.0379044886194464,1.11946020381487,-1.35239644314206,0.32984234439412,-0.750527017007654,-0.703175800414705,-0.0469321168050008,0.103674900760843,-0.712490402028932,2.63362064919758,1.29981975814134,0.411976365954374,-0.274820752109294,2.14428713688432,1.27854967102204,-1.8404628653086,-1.64081293391826,-1.65895174493563,-0.421019640299006,2.59020227211913,-1.70182327711244,1.24272925930444,-0.605610479820913,1.10623052961173,-0.762469436547472,-0.274803743306904,-0.559596793218965,-0.679649805000022,0.110700586176865,1.06676713632544,1.36990315780071,0.179631482373897,-1.41044724029582,1.01284769146854,-0.0609327568125902,0.310253684617007,0.0779390132136009,0.190426471662026,1.45309573810139,-0.857382302646332,0.876305217008863,-0.871655456621986,1.52173899788752,0.838384664086601,-0.830523348604236,0.718577627584414,1.77759197462098,0.0506418573241014,-0.14242917975156,-0.562510729238551,0.513361212114177,1.14928284976246,-0.852532575181243,1.44248119934763,-0.623499209141033,-0.414947268637899,-2.08128731283696,1.00134193715811,0.271978768819367,-0.847389987574343,3.39432310544988,1.12106462252435,1.52159967640806,-0.62794715244481,-1.99847465470129,-1.08348583767846,1.04786419471737,-3.41616838063055,-1.09176360490335,-0.655425070617849,-0.399863948015344,1.42633280664838,-0.00389811596933487,0.731401452277667,1.09098627749553,0.768404325249032,-0.90799660147463,-1.36496545789401,-0.680456328102795,-2.23595884054969,-0.0472480059866644,1.59281925659662,-1.00285744995231,-1.1616384380131,-0.20818880425138,-0.331471482573355,-0.901679768909038,0.514761751035937,-0.615844472085585
11,0.920382494110089,-0.486557931980157,2.2930698514612,2.19995154354397,1.03888398363607,0.68286426587367,3.25666426407861,1.35147209415502,-0.415501885827358,-0.678905813481718,-0.0738737419324048,-2.39735906420283,-2.40965396752291,0.35735606602807,-0.451151860474524,1.48959531316332,0.0359658506435794,-0.321005026605591,1.34702134525534,-0.756629092365384,1.84037619895531,-0.584230631946158,1.05592514470827,0.680529445493624,0.0456613786589702,0.463499002372007,1.68601309830833,3.02502809247947,-1.23535796695309,1.18814040818299,-1.17746283954979,-1.8408164146205,-3.21492931460094,-0.947868404428129,-1.45500298462399,-0.0710536863462687,-0.57901480255668,-1.2800132953902,0.893097698207292,0.00231324199291971,-0.286603227807483,-0.951313463152996,-0.557931780603614,-1.82934679545817,0.843265937442274,-1.89026796682003,-0.0963737937444664,0.577713084109961,-0.855266557198805,0.555582067167822,1.83519216036923,0.507275848548224,0.102348969108227,-0.378019738112557,0.280305690242812,-1.67921986648412,-1.5629651510846,-1.08197489928366,0.580816736681576,3.58245443294597,1.27072437589737,-1.93489875883422,1.58752416115216,-0.107126190587063,0.923584043746423,0.598105346540298,0.646468855278602,2.35857125005872,-1.46175018239194,1.91260637543006,0.344526923370062,0.881832936136483,-0.685088802189565,-0.423761318759191,0.838790313121237,0.84189998733329,-2.66330322403314,0.803242321435937,0.961320959873384,-0.581422600893742,0.889518711410121,-0.630022314457499,2.36691079293732,0.761662538612536,-0.196095881932382,-0.207015180858167,1.29197488688256,0.430097553129886,-1.69385259136696,1.72558663381693,-0.909303173665708,1.04255909344816,3.23678087444368,-1.43321053017685,-0.489890308159827,-1.56022627565971,0.504724182706503,0.709330652544824,-0.104642544431885,0.355938279986648
11.5,0.79194595088306,0.437113607983896,1.6757217504667,0.965130976918313,-0.170434905339274,-0.945248574945619,0.66241693274277,-0.329070819845387,-1.341338801382,1.60605829055677,0.266271629076331,-1.18172798440559,-0.694132793710455,0.25115012750056,-1.58211120248377,0.216963343583312,-1.91924801877717,-0.112510701545303,0.199194816272958,0.219159488282276,-1.49881046151281,0.99723657017071,1.63441746560144,-0.103238042091944,0.353892685197359,1.45528054818596,-2.3054928731982,0.649408760956314,-1.18385279472155,-0.00749229050219991,1.7670857422204,0.593602081887019,0.679435969924087,-0.840318208047491,2.70960051517645,0.494630070121505,2.13510433660766,1.16369087799714,0.509651701562008,-1.33122427212063,-1.77558548087414,1.04905919445121,0.0336984618790085,-1.68607992758945,1.18138329292206,0.636336971764755,2.54305072837297,0.11979872437863,-0.588057203141802,-1.8284359150577,0.676007547662439,0.400830321146214,0.871117221536036,-1.05708427849237,0.520528668959427,1.01720446207109,-1.32682061526909,-1.25420050187723,-0.317376143979921,1.06628351063291,3.09495156617223,-1.00835464231538,-1.30320406512639,0.317465468087945,0.376491358936582,1.07095995825868,-0.32237438116895,0.893432418012421,0.472831589828404,1.7731364915466,0.422568289998144,0.306279102345108,-1.47697722111698,-0.757707068300462,0.920113851689271,1.6825733480081,-2.67700137420811,-0.862935407237259,0.358322535643087,1.24321794593102,2.44186363765282,-1.98059380976894,0.0731860508777416,0.936409467040876,-1.47554612959615,-0.623464932585602,1.58941100597933,0.734921670760294,0.82942211414342,1.53385223958863,2.33917935965682,-0.214281257402204,1.10474909549697,1.35116083846257,0.50968488963907,-0.188915020916574,0.957028154592526,-0.598367924862161,0.0562388365887444,2.25062511052143
12,-2.04496945747497,-0.477353516125654,2.24996040999141,1.69533586129502,1.35459975030232,-0.169071518186164,-0.611922436826487,-0.204619590398567,0.720660683093401,0.0239501037193306,0.700028030503635,-0.65774680420628,2.20784957670332,1.01341806336118,0.268182305110391,0.353453605441789,2.09159288499095,1.05104806907957,-0.168951917432796,-0.212816816137412,-0.642579881033361,0.819558569569193,-1.16437434751299,1.85768853450881,0.474323515938803,0.908362074526073,-0.995620452224713,-0.328498137038409,-1.58677353087007,-2.19976935338331,0.264073015991482,-0.0985713191306462,0.274867689585585,-1.36271050187225,-0.592384425875581,1.1719638961034,1.98598951226472,2.08158516969375,-0.637589110420361,1.94454188143747,1.99738278642143,-0.10196137101078,-2.65614777784183,0.570594695422625,-1.63488966145324,-0.299161324406891,-0.321091412360741,-1.32522072822546,0.180572948770314,-0.245250189351532,-1.35043933545579,0.788036003518945,0.347756827517301,-0.118863157667357,0.2586467539479,1.4111447882909,-1.00256292197927,-0.918265384073776,-0.226865511754949,-0.560693208384652,1.50853414025979,0.985342700165014,-0.267131347198804,-1.85159291927538,-0.41036944176183,0.527156071545244,-0.685526680676838,0.620308782929668,-0.625247577512177,-1.25479897598516,-2.04423938994762,1.16399879419261,-0.239313468034596,-0.193141262215737,1.20660837518757,-1.52518910524195,0.672090726429904,-2.35359780132266,-1.3618266287407,2.00021832263662,-0.244532544101163,0.395068044808297,-1.48584859944241,0.179983321881328,0.0571677239366879,4.1600415765606,0.236642861923248,0.603948083100787,0.229505384990332,-0.797629039393439,0.95211166931885,0.0721621461785464,-1.30602145283547,-0.697305278792055,0.587568699967124,0.217470945565102,0.455212254367859,-1.61176629169986,0.973785754497588,0.134741524958564
12.5,0.685350188134856,0.5655405872354,-0.492685586690641,0.102626464952505,-1.0607331897311,-1.1077288972399,0.878097625720263,0.340978813455139,-0.68085233281981,0.0200634802587851,-0.447162345340456,-1.43337784085664,1.07096313684318,-1.41245444361958,-0.686404454288047,-1.01278544570485,2.42751725141783,-0.400250260822004,2.01887210839071,-0.520314455252692,0.112915299511403,2.20772277964024,0.762742743642751,-0.770312425773548,0.167638188779838,-0.404045016716017,-0.970002717569084,-2.29754276760147,1.69920607784367,-0.0378153048726235,0.570395557640663,2.69887825372394,-0.262816834958392,2.28299102997516,-1.61410136391569,-1.22353519810192,-1.0488811448559,0.232468986612908,-1.00674784316996,-0.330064908907028,-0.35536950480644,0.114338608087474,-1.76948376496065,-1.09765968593972,1.16650781999454,1.50881531894835,0.694692833302634,-0.0450341927274869,0.209316622912821,1.07345263500042,-0.537167863238105,0.383160292748583,-2.9873989813423,1.59739964956909,0.552602640677108,-2.18631421197614,-0.222425060032413,2.55126696599361,-1.7526666483602,-0.476321479856239,-0.351702812311699,1.29003926360112,-0.480114768547582,-1.39445557893178,0.969491248015289,-1.04934350227657,0.571233166001965,-1.09419830818242,0.731397170211082,0.561952936803723,-0.433529950651761,0.953935479701082,-1.35786069523419,0.458713297565236,0.849895467825489,-1.28253528665618,0.950740811861876,0.891706927334956,-1.48862935201617,-0.225501349945745,0.319561176104936,3.7611115767088,-0.117391935401552,0.0808065843392946,-2.33992530721315,-0.301682897277797,-2.97219278675141,-1.73215529369471,-0.108517774558389,-1.51052957582466,-2.03782346955963,1.375762168831,-0.45240029353419,0.186629155802166,0.379425828302312,-1.27027483498867,-1.22575897644296,0.0389258527662055,1.07199051583882,-0.646192280665616
13,-0.754865479665788,1.02179943890711,-1.58671643744615,-0.534360438372143,-0.655808652345173,-0.0875005891545051,-0.213959363878855,-0.163503669404487,-1.00464863771612,0.22939155105074,-0.162994548918212,0.559624566894098,0.594435141888689,2.13774257397242,-0.894636096316997,-0.919927880652965,0.785014398164048,-0.994475484108511,1.26633938094543,-0.518403165130678,-1.9838032508874,2.25238451016268,-0.0661997305350125,0.248065930837285,0.297404861239183,-0.501684789854498,0.174758143203208,0.807572482175792,1.4390979104241,-0.601096279299907,-0.741183175798822,1.32296253069128,-0.5793083217972,0.988975812859405,-0.864896180328517,-1.09985264085679,-0.0408547598326143,-2.36291756500119,-0.108382776275407,0.922092936461629,0.885368599542091,-0.993208157300576,0.219333646759492,-1.74913706364315,-0.803514358331879,2.16826702500607,0.90309503020314,0.656306978370065,1.79383574352276,1.00086737017867,-1.99046099055669,1.62621039820595,-1.20621880342415,1.05414096950608,0.30605620695431,-0.851730508450718,0.781638837935064,0.139000386754113,-0.153437282628575,0.121797463874925,-0.559152688133035,1.64633879740633,-0.0511142299864057,0.054627517237118,-0.341844683596893,-0.357599660604083,-0.333115019408082,-0.431423022380452,-0.609409773166308,1.13984912326416,0.0212180365351526,-0.603891777674643,0.342586592885914,-1.42978381963278,0.116782310674597,0.75934695811018,-0.303319728518067,2.05343536191308,2.03306238612147,-2.60280389182866,1.15495163797063,2.44702509043325,0.81481581655644,-1.19954960044879,-2.23602460965555,-0.0461146884204362,-0.496814378922101,0.414678703133073,-0.4564389406672,-0.244216696371294,-0.802738056833892,1.44575946589018,-0.176891468878317,0.256016139300098,-0.540048435914739,-0.166064202167568,0.479384113539463,-0.550646315009706,-0.0153940876162411,-0.28751801965962
13.5,-2.42639179435582,-0.406908375344981,-0.1984981367762,-0.610299133268018,-0.152832130447895,0.988283291962986,-0.00602318240099103,1.29246098678286,-0.750868165732564,0.551818649579555,-1.86021264181173,-1.52306330197467,-0.319084167437798,0.720625568111274,1.36819098506701,0.862948439596601,0.447917250268696,0.0528752736939415,1.32325715911813,-0.345376338963891,-0.124120983761318,0.772916759195405,0.0758981229336484,1.35037317453182,1.20428967498381,0.435308368747454,0.318641256410306,-0.309730424854359,-0.573306803708485,0.0640690188741224,-1.84389804308446,-0.938652414184367,-0.158451195021023,0.538414700155443,-1.0399288338887,1.67351817837322,1.58685371736044,-1.32263552059821,0.279106455135778,1.53597596503383,1.93278187003834,-2.66491312705318,1.51087485673159,0.813579448830816,-1.71121527304268,0.484974293274444,-2.02426937895278,0.827185255965853,1.32421693011899,-0.0805838660770971,0.231622153003216,1.25576101142954,2.94182083541876,-1.02469653463929,-2.98928068452475,0.666818176695926,-0.246015108729757,1.04070872712101,2.13377940180609,-0.258243980218944,-1.06524167768636,0.360846297308249,0.442178786891755,2.40527110336479,2.94238418576554,0.710069273673158,0.00103790552072591,2.38564687326631,0.909258329314007,-0.64071472223493,-0.508548343390646,2.20179911526967,0.70375223611842,-0.598063063829064,1.08406236012311,2.31161473104018,-1.39695376678813,1.9682455814442,1.12681581486397,0.914609784897275,-0.275521364081795,-0.625362797879382,-0.880211203928476,-1.52084621131988,0.589835168692751,-1.57209720820144,-0.517343985552653,-0.46583211619563,-0.204156062381955,0.602962699504175,-0.266774254695988,-2.2407334190601,1.49050467687488,1.35271495363145,-0.843538964075684,1.18147362032002,-0.767694708603437,-0.630588090421907,-1.14737455829302,-0.663890082928869
14,0.396255611807786,1.09404723778619,0.701943140744734,-1.0495845016037,-0.591879796000838,-0.67280853007067,-1.59714316536404,2.72037539321423,-1.79363570986092,0.659984581492383,-2.2609961695876,0.0828239102459622,0.86815063213963,1.6535076201327,0.644139431664456,-0.218256538535981,-1.040723151998,-0.456856279902924,-1.55122816099005,1.62234192501595,1.59010225345935,1.52303098766924,-1.47348378894101,-0.830094741380083,1.76272035158731,-0.927703761418219,0.95090412932035,-1.44431567451754,0.158825913107054,-0.208081523336439,-0.904650271585126,0.957486031786636,-1.01935531062973,2.13912491771881,-0.486368930852457,0.213171349926694,-0.479387473833433,-0.370102687593403,-0.10221907527389,0.762781038103278,0.296479730264844,-0.578432004725634,0.0510152714301948,-2.66558655226071,-1.85784002457494,-0.159367197194999,-0.0844490398569394,-0.753923308695342,2.46215363264892,1.18542937062247,0.305046792059894,0.769760473343368,1.50647519039784,0.616130736292714,0.691992992097467,1.16389392683306,-0.493700266033528,0.237721226429944,-1.21609001689638,-0.191478615709341,1.59164121899048,-1.43551272153374,1.30506623164129,1.89650000406762,-2.36734158632754,0.0721560787966068,-2.21322783576154,0.524896307083658,-0.456999478536878,-0.0184276215180448,-0.62382760742177,0.517039890004362,0.951176405707014,-0.672054302333469,-0.305669808101314,0.0382097605829735,-1.06535604517108,-0.678299122664487,-0.53207178379253,-0.585019591307193,3.2981005514511,-1.60563686484252,1.60491868784832,0.888925695461552,0.296991438851704,-0.180276632990331,-1.2348012534208,0.439880751158022,-0.613772566803797,1.58614841751477,1.94269362861243,-0.725015559105331,0.702302989454925,-0.709662524906379,-1.71618547853622,0.236684317064789,-3.2804077588812,0.123197405713346,-0.499769545434699,0.799603828936859
14.5,0.862779765655478,1.05113948556392,-1.12500012420928,-1.2481973537497,-2.17415101746771,0.156555510026893,-0.0540298138216149,-1.82593565814789,0.631461641334667,-0.868558002321592,-0.595405733220628,0.13653461257182,-1.00814848710567,2.4771649499858,-0.199640943163545,-1.78769130127464,-1.9309583762271,-2.33141472434444,-2.62482400183722,2.7210063105174,0.681000902285368,1.34047594307644,1.14026473121736,0.281958502820385,-0.244876843744446,2.14930682049163,0.297295668949956,1.44431031576034,0.24678110989203,-0.702448928471829,-0.0604398220022759,-0.0201871612344767,0.787139157422455,-0.632203987830765,-2.44183861231086,0.274720415163555,1.30143467861899,1.67107875827084,-0.368323623063459,-0.297750786348406,2.83726302379487,-2.14117637067913,-0.180510247584093,-0.360601183868653,-0.492138098026705,-0.609908582148866,-0.596726609597389,0.265085234244133,-0.619598086852383,0.0646317941966775,-0.0525367233164693,-0.0456593322569168,0.00952009081488669,0.750450788982986,1.44055859680842,0.172281253100001,-1.00998655264825,0.0916528964183769,-1.51773365596204,-0.355086019412048,1.87423932394623,-0.723301258756959,-1.21611484178152,-0.522005101720749,0.0476107698033765,1.26674844264035,0.0202220449754831,-1.28608769874041,0.426915544079347,2.64242659997028,-0.574041478346829,0.0349982522687611,-1.35591057813742,0.342160963531917,-1.89434702651399,-1.83845599629675,1.49923447187045,-0.745097209773566,-0.465625998703545,0.309686526006645,1.05148087095033,1.10948008890798,-1.11642404336676,1.03026961128632,0.394481757090607,3.01290808531774,-0.233947127448077,0.534043998255117,-0.0446160731556088,-0.900938870654141,0.944338773272334,4.13448750031149,0.0937843415907188,-1.43648360664853,-0.209927185050338,-0.696705714618548,0.0211963898191709,-1.1590592923855,1.70295171280534,-1.68048017189491
15,0.780415450242727,0.070694612313063,1.31929965432868,-1.44585950833107,2.5842327211217,1.17822515776998,-0.74956610156901,-2.3154797908743,-0.47478309371924,0.21227866185046,0.925874083491957,-0.679942353589965,0.73600612939622,-0.9491092918737,0.870521155783301,-0.634477213399376,-0.151656212840033,1.35085387054243,-1.63937439837226,-2.4430826167032,-0.907941271784188,1.59126719301985,2.66670522566657,-1.90489553316207,0.949372645846969,1.65656252960941,-0.0737028935434894,-0.533030012043395,1.81416157001562,0.319742329660366,-2.23864427999047,-0.690355964216793,0.450987183221823,-2.69299524102125,-0.0637296475427539,1.18163896231735,1.99761298195842,-1.49732579036653,-0.580322286406006,0.450171471488152,2.24508597294378,-0.344846255995864,1.92767893506464,-0.385836846453885,-1.60768077294009,-0.41642781146292,-1.083226722339,0.613072227275291,-0.105041054671786,0.381090449636584,0.648822942427504,0.0180646115781435,-2.02482281431516,0.99439376158807,1.93748341352657,-1.2204975791781,-0.0503516816324626,-0.446028428640806,-1.16154788650576,-0.775838491887865,1.76451062504267,-0.0210381668062808,0.178071914066867,-0.0841768387065928,0.602185304613159,-0.0432021050842815,0.271231433550125,-2.31029412912682,-0.0182405474659851,-0.590805610008549,-1.35205583156207,-0.519304840360325,-0.24596782612259,-1.40298610584385,1.38864251327554,0.361677888886343,-0.661766444980951,-0.539781448210121,-0.0203594699467015,-1.38515226918716,1.06086698267806,0.414879890592654,1.33818530410002,-0.266199759268265,0.438427952672065,-0.0459247936542351,0.893508613534193,0.144107484364623,1.27568000523908,-1.1151673833617,0.431827718503354,0.221975827813579,-1.16478119808135,0.00707034321548183,-1.03046406462912,-0.178183106603591,2.33292313225492,-0.277872445602153,0.65462959995784,-1.1482336789558
15.5,-0.448869808860552,2.23364109411107,0.797635329096245,-1.25266968732262,-1.2405330694084,1.15983217921927,-0.196159481710408,0.549949554304595,1.1675871449504,1.13626958413721,0.214320853381767,0.547015518540392,-0.978392353654428,0.735969734572529,1.71711594931776,-0.588775649672433,0.0435087856749213,-0.666386773641175,-0.837147609629857,2.12390524437087,-1.13420003054791,0.292498438262192,-0.132543901374503,-1.06915880025328,3.01421969334937,-0.17573471550329,-1.06624856595809,-0.63018675170749,1.35261607215557,0.0963811312649578,-0.759051545523325,-1.20219868001621,0.149860248037099,-1.12227033490523,0.197045827516945,-0.564226131293153,-1.27609233032737,-1.47151621116427,0.734334979355506,-0.483562426269276,0.295789892587164,0.592081920566211,0.169314677899322,-0.987937887320908,2.08228409983898,0.276442392525692,1.83828489939632,-0.341634127571771,1.09507374427758,0.925101693949073,2.14725836966721,-0.178473183210021,-0.40239256098624,-0.251746969545159,0.569946385983628,-1.11570606332241,-2.84940214954289,-0.720813486430742,-1.41665148758847,0.315536459571698,-2.21753774446291,-0.739719573746581,2.51127955514874,0.696761642335588,2.507008685497,1.17336679643044,-0.480903693618548,-0.469738345666998,0.0840734479438719,-2.19167276764137,-0.750729246545639,1.49285225063769,-0.432615609032496,0.393590381743859,2.05349327808512,1.37141389526157,-1.38559297193583,-0.42647122773639,0.718793926442134,-1.93656802345373,0.404290660939019,-1.06627698119239,-0.0895450869103776,0.0260221286302613,0.992629183059732,-0.780481890776407,1.14809553487776,1.06784183831896,-0.0738437602282639,-1.55476128019286,0.926330028628511,-0.800493505517764,-0.422023059728197,1.05031442162018,-1.91858412768619,0.582819789501899,1.92965234752433,-0.758912777022236,-0.193829073432444,0.4120084624705
16,-1.03110949402019,-1.47945050619821,1.4036633934247,-1.30993450110408,2.02689928767676,-0.364822415629595,2.33045342685502,1.92121349300697,-0.700659487751423,1.05432391700774,0.308705772363553,2.4725204527812,1.43775706746131,1.0157415330521,1.2666076423212,-0.724521400904337,-1.05012928414835,-1.66062458016596,-1.20415749457869,0.369492341800736,-0.832585199051355,-0.0430031038287123,-0.7553274715408,-0.402925769841892,1.59706680515383,-1.35882431553244,1.02982990169333,-3.01441242410832,1.02331729799074,2.3256565812146,-1.57549294394427,-0.145507853694325,0.249699781450839,0.805229966685785,0.891253355771913,0.171929349637952,1.65233739819109,-0.666900592631928,0.956490151676953,-1.26981793722736,0.890519299113656,0.367400199129045,-0.515931364463806,-1.1994347567666,-0.268045254227973,0.541842149505714,2.79765939054184,0.935138619321011,0.475833356468026,0.17144732065488,0.996933220229339,0.180605666252098,2.31150119383278,-1.22539692658287,6.12600171323585e-06,-0.453110390875716,0.0754627921531634,0.252653614511231,0.785506300061024,-0.278306235883085,-1.06887485297833,1.20152380517536,-0.609974079825411,1.02751558924991,0.414781046864046,1.90997637529693,-0.415478442728828,1.24421144844137,-0.0721430924877281,0.347387323031148,-0.370575530741737,2.96691723378312,0.367314822303647,1.71048054052704,1.08741467147742,-1.25298454786754,-0.382711839926916,-0.329314560536858,1.35324969476565,0.456965978315354,0.231945835417059,-0.200687417161088,-0.260005666317313,-2.25420296371795,1.04448018066789,-0.687684630735734,-1.88782187500478,0.0301158748580831,1.04432590476658,-0.552103388922505,0.279404307092367,-1.24876103502818,1.57636814856564,1.16609125700734,-0.990865249713179,-1.35697064351413,-0.428932061194009,-1.42846938356888,-0.192378485690229,-0.0939811507614522
16.5,-0.64657543553581,-1.37772745321357,0.4162947681443,2.10147802552809,0.905230657325917,-0.461428089707094,1.65963626348706,-1.64590980330363,0.142693442490302,1.21563564142803,-0.300437456003768,0.932975927698625,0.524158965571497,0.986539719089232,-0.367735479342177,-0.290199937873589,1.53621446366354,0.392713312203494,0.896865487988133,0.498145229922923,-0.188655688202793,-1.90053850632541,0.921266100158266,0.289847063705539,0.91628613365785,-1.86327998658774,-0.26917605897449,-0.701304974055383,2.67904487124725,1.17634446800885,-2.02048193781209,0.910989154396712,-1.14179111205848,-0.743086242856951,1.14790327182212,-0.519823584119578,-2.1605627779233,-0.68371894320864,-0.303085921516837,1.12324998169107,-1.25565839425781,0.525519069678842,0.55020478265368,-1.83072845071729,-0.281210698036567,-1.15670783787623,-0.622813700336285,0.701836455115152,1.5295759245017,-0.744351600688519,-0.740186297275439,0.410956745772018,-0.191662574300072,0.261362043613379,-1.19603547151818,-0.0585761054431948,0.727270062900794,0.599200574723669,-1.62718067909741,-0.933202924436072,-1.19751288146817,-0.611019280716574,-1.69464536093473,-1.36869835167814,-0.35036663032002,-0.0938250092773943,0.503514489390173,0.384931637742907,1.16782135218594,1.98666002205251,0.528557449882362,2.33905729814142,-0.766295847757157,-1.03389877787338,-1.83432944283174,-0.343685949418378,1.30836339984037,-1.89799717792369,-2.40732323595694,0.661309903928092,-0.694346635983656,-1.31752473460089,-0.164609043993803,0.599187027725887,-0.445756077746198,-1.15570854159853,-1.46179523096114,0.0546389217252931,2.19529121423832,0.908334673815144,0.799165560157059,0.757257840949416,-0.521994888311337,-1.03792565459008,0.721722128443103,-0.696538526849602,0.280743699782183,1.43678368356668,0.697724548391944,-0.260872521671399
17,0.754304902074134,-0.103946913513771,2.40323209405028,-0.0978764974643027,-2.342261362619,1.75036995336933,0.0912515213213036,-1.82281905574057,1.89973654165522,0.99201288130982,-0.951622031296725,-0.317763556957875,1.96425566624744,-1.57311534205283,0.161711964660785,0.882716013596701,-0.028640907457393,2.27074094084083,1.68911070362468,-0.642726509541964,-0.880421574753016,0.0503942066145396,-2.35046137015606,-0.364449662290393,-0.83425570665342,-0.842139191483819,1.06558387175837,1.39115633127904,-1.31198489861175,0.54922774143136,0.324442770776975,1.30060117186741,0.594790017229539,1.50391084407905,0.31566637422563,-0.867819855715371,-0.505070616852461,0.895803633414248,-0.87949417752056,-0.339170110703154,0.636686282279839,1.9406087779625,-3.69042270419737,0.914662468918373,1.66010701665874,-0.92362367396649,-0.157419947633086,-0.404463521371167,-1.03618639022873,1.1963426028749,-0.137137990384267,-0.377910278135658,0.00825817790141076,1.65630131068032,0.107445667161225,2.08722564763246,-0.247793935116226,-2.49475381117543,0.508963283334613,-0.334068261924528,1.3713063518228,1.66267210373639,-0.733017573070828,2.45547252535691,0.358352557028705,-0.735838461413761,1.43052489141949,-1.72751241310094,3.22288034360352,0.732053495583951,0.592599830906921,-1.40142240328709,-0.0790637991608485,-1.37578501511622,-1.16466173834658,2.42388408307419,1.20867556925181,0.435080075440262,-1.92293722147025,0.0241647657994651,-0.38787206817912,-0.269824641249421,-0.643248175781262,1.20290788078632,0.901928294287161,-0.712468684622562,0.797910999423269,-1.19903669070641,0.927513922408525,-0.920234402805484,0.0413341114948222,0.509430327741104,-0.928228209464738,-1.76203986246564,-0.775823550832552,-0.182634263980841,0.369611735491292,-0.476141028443786,-0.164078700132791,-0.430249543852004
17.5,1.00353798177748,0.34227222318949,-0.49463224670833,2.45445127617649,-0.183776975422232,-0.0414511142470393,0.515515874877149,-1.22184348217882,-1.91464051209577,-0.761826573146507,-0.173134612470966,-0.762959033776615,-0.598753562992996,-0.953722102628989,-2.57222252278535,0.67478195748323,-0.580374017918412,-1.16918816534198,1.55632367223098,0.0357787830096014,-1.27912262217329,1.28063837726383,-3.14290915920117,-0.640815720765518,-1.29953950797168,-1.74197209695491,0.655550286840071,2.54009530608446,-1.45546763540558,-0.108022993453236,0.340802697637247,0.966599090027834,-1.32586425563153,-0.959303677917982,-0.0365438013142458,3.7974073076838,-0.442742548123628,0.576722346574652,-0.471661704974604,-2.82796760622414,1.54294227201104,-0.67583691776761,-0.23824386657947,0.506783471176908,-1.51725540100269,2.20854379732822,-1.35399256768011,2.19679694494634,0.81523250363283,2.05482178448228,0.799867121883484,-0.90186198221316,-0.968310230590787,-0.921227638085944,0.594747416658347,0.0608751364239671,0.886740610036817,1.28393848652593,2.18486711934778,0.934355588544785,1.3851150781203,2.37093737843969,-0.351910075973352,3.09721494799224,0.533255210069854,0.594214730041771,0.533266979611983,0.475189082646518,-1.05845388279739,-1.66724581320303,0.0230236937039808,-1.51578544296286,0.592731335165321,-0.0341302344666061,-0.159643232231996,0.891975781392981,-1.31794677696257,0.933396412023022,-1.59666702829865,-1.64053972802854,1.01300284761055,0.511260299707656,-0.698876743409227,0.2673869142171,0.28875435348942,1.31543135595998,0.115074242432342,-0.508268270463982,0.192611295929041,-1.02862100363378,-0.590627256426626,-1.80950267618513,-0.960528851565587,1.32918038685825,0.231099890255607,0.0325844249977548,0.0258795217316866,0.879815266569232,-1.64530266697594,-0.870161461382776
18,0.730566145909753,0.927303643396378,-0.553451628421336,-0.919132152510852,1.14123776667305,-0.579292139580969,1.90293304928046,0.675852769062803,1.18643374344901,-2.6585941183953,-1.41091277835006,-0.746331038536548,0.622483067810932,-0.664751736053762,0.106004690471259,-0.530424231035846,0.0228653647484967,-0.895897573499223,0.702010152748238,-0.948819520339384,0.266194235035961,0.840439883933478,-0.565608899006509,-0.805636996161635,3.76251368935115,0.604872801365033,1.36489857751555,1.24723884687936,-1.12091353959423,0.691006299750263,0.796810484820063,0.837788404533853,2.07023813044556,-0.0613707693264715,0.0235216048143282,0.636955867603113,-0.580847907315775,0.00740174661491083,-2.33587009614786,0.264441136990099,-1.25359097211556,0.286573481094954,0.625318603281646,0.8772054291735,2.12381490569919,-0.3811174398645,0.202818531452948,-0.0654967320344174,0.487111221933782,-2.60232588580463,0.943821629908746,-0.407195963747668,-0.307066168377079,0.422592536685697,1.31443207915255,0.0311077078094256,0.621225069270283,1.56338163087876,-0.291519855840193,-1.75954439349173,-0.747886427965801,0.935836320435848,0.993031701291884,0.77984506561494,-0.635542063097299,-0.681860849615579,0.0156275074223237,1.77441344078512,-2.83964889117412,-2.60051518701512,-0.044082094027857,-1.26608524173506,0.59130109697283,1.27124619975214,0.282371963206514,-1.17252370609663,-0.144553270785939,1.05674255659524,0.830157819493099,2.03059890581557,-0.368164984751165,-0.27459469701711,-0.677822449259553,-0.745368305433214,-0.73675994176694,-0.385200294779481,-1.47893155520505,1.70597959504315,-0.735150648126284,0.724875083520151,-1.28410743477493,-1.98480843421094,1.00343725955898,2.41699726181611,-1.58844845118193,0.745557428557057,2.01607063730793,1.18391781702525,-1.893882013285,0.887532811707628
18.5,-0.800661504694447,1.33771786458814,0.660821116215033,-0.302374661049598,0.956548202783383,1.17940659905506,-0.510604128534716,0.603732205490096,-1.68776653869286,3.17066028739898,1.07283179264208,0.441667575337744,-3.27495218725745,-2.10840131200448,-0.176194868343292,-0.727416495157183,-3.18297770255772,-0.98998741328324,0.150904454810261,-0.972010012026456,0.00914873612142852,-0.578917317360469,0.824509855579793,-1.23472667708282,0.56623983367586,2.80944520149421,-1.26273277274939,0.925765586412281,1.74759030377965,0.482979837899258,-1.17116538388461,0.749236412890435,0.100975340604225,0.176158079399474,2.04405856682077,-0.243818080043988,0.377123103689921,-0.723694186862054,0.181552730915038,0.161367767570238,-1.6055245592681,-0.645408794922272,0.5261041203158,2.19202200927257,-0.553367481307867,-0.655678888441153,-1.4221797911893,-0.885153053996125,0.0438466832243839,-1.41840222942016,1.61095870542693,0.0184427031958532,-0.938530723474574,-0.819832544011676,-0.666481120591577,-1.77516037194673,-2.35343981560444,-0.255598872990236,-1.65721161522784,-1.76448011389489,-1.23062699506843,-1.15067728507881,1.5132140766947,-2.41057772073051,-1.01365806654822,0.906720015309027,-1.00269917522444,0.923232968699211,-1.56126573758348,-0.207676682886451,-0.598501662180142,-0.320739984063693,0.451333330536088,1.34840712286424,-0.702325030727751,-2.62952364905527,-0.698393845213735,0.685763354776658,-0.214874430870589,3.25236462375777,-1.3396637017237,0.112751944335759,0.220853474320371,-0.32802167510123,-1.51536199149301,-0.626256252619511,-1.57669108670655,1.14268197928955,0.191124231584232,0.566813848797084,1.47590942063905,1.15673118682455,-0.451798774726208,-0.386498459091504,-0.524540183368208,-0.711165929488357,-2.08062386033467,1.86990548773174,0.0349531447647582,1.09079636320712
19,-1.43530700122197,-1.22837678747551,-0.986236595888318,0.0171414042341496,-0.477539255647708,0.413847128449752,-0.00376744437985244,-1.02740459526692,0.579636110543432,0.851748014691389,0.599377020604548,1.7748219809442,-2.77125647393818,-1.45642280354336,1.508909310748,0.63411553958453,1.79366579390288,-0.862192588683483,0.217686033028072,-0.884545279108932,-2.06615813943358,-0.561602802858546,-1.95516858630011,-2.3237939045973,-0.153205643808793,1.21132310903011,1.25943612071457,-2.01431089561538,-0.82251907022821,0.749338055483805,-0.1205819322852,0.0526070273118346,1.20993261736225,-1.5304415033893,0.00938728228314897,0.221816652139342,3.51036762171817,-1.97366135161644,-0.930015145682038,0.460379849330382,-0.0352900108730292,1.25541352711674,-1.12649492763367,1.5963849805243,0.116109426311606,-1.57437157341632,-0.850415815079418,0.320051164633233,1.48325104242851,-1.01400003786952,-0.750608723512837,0.333521896898308,-0.662778805592889,-0.237390221770191,-2.52491694771993,1.90994185207439,1.29394859384692,-0.510455412379309,0.175487661062967,-1.60320496138909,1.4630443880543,-1.33031662180104,-0.700485918031055,0.0439539153141431,-1.22263161960459,2.22462091790527,-0.286312995598995,-0.245549775587193,1.90879891844796,-0.0929889575114539,-0.332663111231923,1.0501159027132,-0.53010870075164,0.55670840349538,-0.973460663344997,1.94290793349185,-0.41897659996137,0.755287880946275,-0.765401299320177,-0.772869427467526,-0.403660072417638,-0.0436934849317909,1.19019842058353,-0.0627779680159842,-0.451772870369597,-0.162628497650655,0.207909851569173,-0.14385177682011,0.989546592195982,0.70700224029408,0.4429471202075,1.76145171463634,-1.11656172150806,-2.56912596954674,1.43507127194,-1.32826981507326,-0.50568091377903,0.779549606564779,1.22282253608695,0.576004899298054
19.5,-0.0719046540981806,-0.815563948351576,-0.32041076864925,1.04689947514188,-1.15764585444683,0.925540299709823,-1.25380143551394,1.32262099294899,0.583105972290124,-1.07403560493347,-0.877306604875939,0.774112491682806,0.704221943214962,2.00185157066967,-0.922673656569127,0.816089654467579,0.534349193003134,2.0756112858248,-0.885886116970264,-1.38711204651475,-1.88884841445549,1.33413379146443,0.118779685919801,-1.0496321736478,-1.71208295607132,0.68144230082891,-0.748086755285027,1.79298780626063,-0.984308479216234,-0.725773954659562,0.907438960916318,2.77584006526325,-0.755682616906878,0.296685246507242,-0.44655360069524,0.0130576457506263,-1.35111798899928,0.215298111802168,0.0564969240523188,-1.3666327142215,0.143091240069699,-0.114313306193054,0.122828051051211,0.539582302560942,-1.17585563640283,0.759450908064145,-0.532703214376521,-0.36104995976085,-0.0210770752378011,1.63912680392351,-1.40559633929382,0.293896645007901,-0.267918779930908,0.207819071897068,-0.30255125076023,1.39454066068033,0.679314511085344,-1.40688939668625,1.43976960850896,0.253588454216677,-1.01498185033135,-0.946473171001971,-0.333704672358088,1.05928718270164,0.705247794430163,-0.205968080588204,0.961626479825102,0.439818035056523,1.57930691197691,-1.56611233581478,-0.403904802942891,-2.06466798790452,1.36893181656235,-1.37584699020396,0.0676049817692994,0.355113366057369,-0.907819538599521,-0.541828332655052,-0.0814709178875546,-1.27461144206445,-0.85810866578181,-1.14960602127542,1.51820569234504,1.08609123618775,1.27486679897112,1.31628316627797,0.919184949414286,0.347397482283652,0.831602296568065,0.138735085953545,-0.697249300495574,1.30572370477637,0.495718743183535,-0.384140067603449,1.80680335084068,0.688920642503126,1.18540021382566,-0.50149724269943,-1.26115984574646,-0.265453453824215
20,-1.09952808899424,-2.57731355776871,0.777489627394869,0.711076491589609,-0.599900559803429,-0.0137191008425805,-1.80992327661266,1.01451756686475,0.668396486310037,-0.506508223010147,-0.191227871759816,0.242237065101726,-1.13485492702191,0.859217648363021,-0.453668969270884,-0.598246916258024,0.659225038127164,0.956069779048121,0.446641708996137,-0.271915811232197,-1.50141396127114,-0.222493161158225,1.52440040084775,0.75748097637183,-0.348618461567753,2.04895785997153,-0.321400613965854,1.15687653680601,0.690356785362046,-1.88987334324737,-0.233302856727996,-0.522321342810409,0.267841234509829,0.900628429637445,-0.374948863894775,-2.34546618148113,1.19037594727238,-1.42194556728015,-0.86185140838733,-0.402106074847563,-1.23335833532922,1.16228940160565,-0.25197804591654,2.86758092377989,-0.0772282349115236,-0.32601507842947,-0.725684945389776,-0.492503212434679,-1.26523461398834,2.2938293526694,-0.590642470250695,0.559780576750725,-0.843035850452446,1.04844642906273,-0.690635433706222,-1.65586747741431,-0.510085944455349,0.294049767704802,-1.02491407030927,2.78440397210019,-0.373220759944909,-0.228335067802423,-1.40102670096023,-0.229013749395661,0.7986311284742,-0.0385596545572983,-0.187707741378152,0.420270934595909,0.196402855593362,-1.35723424263342,0.856942754574463,-0.664082844311591,0.282823367236243,-0.5642004829848,0.226495309518752,-1.50494562411879,-0.17772463897161,-0.710454762307196,2.37377355589466,-1.17708793953593,-0.170054074247105,-0.62980354662213,-0.590087622760258,0.272167600737661,1.05909151672479,-0.00122117024427348,1.29104493062881,1.79451528344773,-1.0634084208372,-0.112978452369375,-0.284874749709039,0.475137144132377,0.17793208187401,0.723457048696365,0.405983836160127,0.684893899433149,-2.02884806274084,1.91390561695883,-0.742415839049966,0.140544677751282
20.5,-0.255715957931785,-1.90933039937265,-0.512978972642404,-0.216115270126923,1.04939229512697,-0.346365806216665,-1.24529750333266,1.55114735683472,4.02715843477972,-1.01040815238983,-1.80720690378461,0.895238309489049,0.171294961092507,0.343736626600216,-0.626054710354229,-2.17152993544996,1.11165665809861,1.47960464510401,-0.21349219200784,0.98799822087169,-0.756914276416298,0.529824681325804,-1.53324090166404,0.257790923549276,0.466543935727477,1.26603206747354,-0.783553362784639,-2.55694841761947,-0.210013303452384,1.25140104998775,0.61396856229816,0.261748959703996,-0.58503560005659,0.937271721405379,-2.02687555493333,0.241000840462566,0.420049688825373,0.60394246813562,-2.5664515380096,0.701597006966419,-1.84260663795964,3.02782418951495,0.780166928064706,-1.45017001127792,0.963862064090814,0.594002275060488,-2.64769400230291,1.30278311784742,0.240802442647505,1.44717764439167,1.117157199316,-0.121642000232049,-2.22290239508284,0.0543311177941836,-0.366006453312896,-0.776889611957654,-1.74231565615605,0.592934534439912,-0.771654059138426,1.25404238764103,0.327446314826439,-2.16802932778251,-0.457027419286848,1.03979990418788,-0.647152328349123,-1.89566639972461,-1.45494986633378,-0.486439957491728,0.00192975355611102,-0.94708299706372,-0.403208378553123,2.1653369265138,-1.5940277385912,-1.31918945917084,-0.289756843382523,-1.24729482189147,1.80620662783256,-0.10807078287114,0.615648850702349,0.16397824438949,1.20203192288149,-1.18654013138394,-0.745479838821115,1.86151126355708,-3.52724920234623,-1.74340166093598,-0.74497423690886,1.49573120631274,-1.21896003680638,-0.270623898532334,0.962861086934221,1.48389208252516,-1.4262960752709,1.14300285473358,-0.168662753273191,-1.43546206044276,-1.36230815556886,3.17574223798422,-0.783632723156879,-0.806271509569547
21,-0.541373833674305,0.488415102966649,1.70593253533491,-0.179345434096501,-1.9210222365713,-2.12023437155445,1.8513722751845,-0.153314062661871,-0.520740664881866,0.190520462994719,-1.23366571108455,-0.696093977624069,-1.96226501855631,0.554531072846592,1.27647720626713,1.04035148610226,0.686144464764651,-1.52480375074815,0.0528197383939436,2.13248213413494,-0.936476358319304,-0.55086962611696,1.71796204466654,3.14830043580694,-0.58996753417823,0.385948811580047,0.480478755702106,-0.778415286048205,0.0303966634931574,0.577581982192927,0.178414112380548,0.398105830252093,-1.29213416070781,0.349321721430592,0.743195338504962,0.16672201853905,2.93046656076901,-0.392400584648895,-0.54262284923322,0.597684622889895,0.113310831055887,0.0699595552870937,-0.342718172633969,-0.796568348581731,-1.34418317768366,3.46754716616801,1.58356980369424,1.44512891891146,-0.438913899123859,-0.350550654163162,1.19739087103738,-1.56859301411275,-0.998829133606402,-0.976502739187919,-0.670282137400165,0.784183683286949,-1.13639824847021,1.54006132101275,0.180399939665868,1.47192372914798,-0.209054770109426,-0.369433514353509,0.307907051041308,0.833369698791882,-0.84887186302903,1.38006936462362,-0.792008609038075,0.0914404511389678,-1.15023215178622,1.44012915054759,0.89524085008497,-0.528109149271749,-1.06770564592279,-1.10429032046758,-0.0207797765226353,0.699826770354037,0.525389173328654,-0.797640716191906,-1.41047599768115,-0.796359556924331,-2.05124390996282,0.700695759032327,-0.314687022351981,0.348919911950191,-0.653553079257869,-1.88416364424055,0.22887999847426,-0.672833804631125,-0.532989638223971,-0.287274730371426,-0.984458713132385,0.0928595793915259,-1.75528644605134,-1.0921043341062,1.0316922282103,-1.28101400236151,-0.272009452128634,2.94718633830874,-1.34993381128392,-0.623049612964384
21.5,0.151526547297424,1.82575014620968,-0.772312485381897,-0.586504604461537,2.71022102553377,-0.172316967953063,-1.94310101308215,-0.749664700656442,-0.863421713336954,-1.21352824270768,2.28519742509593,-1.29765271976098,-1.56753774187594,-2.52705022608007,1.90297572551482,0.0415832509204962,-1.94793957086516,-0.974710885060697,-0.37258981099204,0.194041471471346,-1.50115761394445,0.0411589640216866,0.532467004957242,-1.34398716311063,-0.33103820588677,1.66838010779906,-0.545868587520915,-1.16357108931515,2.33505739922434,0.781166407022966,1.08147392047098,0.877244534747307,1.18944820292089,-0.366815017119152,0.290364121663599,-1.177103519952,2.152640974739,2.28408224264129,-2.13428473745936,-0.0717335181620646,0.801950877478714,1.74730359848776,-1.67746181684454,-0.866491183255385,1.76892145206943,0.375494195665415,1.28445045536266,-1.21915305946313,-0.368443575314205,2.01219652441369,0.613351694927728,1.53265416154686,1.5951303440917,0.347913807349024,-0.410517138239035,0.815372257575487,1.41208879558035,-0.36880160943742,2.77076304540714,-1.72846000516641,-0.872063733478328,2.27854975215351,-1.25288499933419,0.642686335053892,1.13649324504012,0.487407451940871,-0.706252803610451,1.41017353766475,1.15934091879495,-0.55242178298308,-0.312794523489764,-0.634646294821625,1.82743639011657,1.83823652859441,0.421476976794918,0.263174908955033,-1.41378631185401,0.793562180786609,-1.11233607032401,-2.06541774569211,-1.14037499113528,-2.13360946416815,0.0493924198652733,-1.73901952138707,1.22078730617076,1.80849526973409,-0.28907325138767,0.317728069009718,-1.01905382019845,0.816367089450999,-3.40861295267533,-1.19245416673228,-1.21439700560483,0.0943668206528974,-0.784711179997314,-0.851369239026731,1.2012940049526,-0.063899136325021,-0.458334482386622,-1.31359892679288
22,0.247428156590762,1.57880433301586,0.974177671949714,-0.980428486626627,0.515674331463082,1.98208020484756,-0.730874076124309,0.657127549153021,1.03536802332602,0.102784478299198,-0.879017032153843,2.34692925682096,-2.58559101062364,1.6794001721166,1.79582295254278,0.287452227507561,-0.410088567242806,-0.90168743156395,0.523551480124285,-1.23838038193766,-0.0089129810059384,-0.973889413124775,-2.20215076979083,-1.90653408636405,-1.69357568092766,-2.19624345157572,0.259556081510818,-0.186917250328115,0.460516114941916,0.88954283541089,-1.76099265263092,0.706835676819716,1.68334379281497,1.59237399036522,1.67581787174624,0.864582558357585,0.358755044900331,0.456534587184328,-1.68186378946855,0.261821225217641,-1.01098501364532,0.414870306181239,-0.974342231798582,2.27988765533911,-0.164965793132932,-2.28527392309509,-0.782879998874354,0.500049390234272,-2.73835159180776,-0.56455084713442,-0.763317002202397,2.47309277120963,1.27913410430654,-0.145421261987953,-0.996781914365252,-0.40486568079292,1.71454377940316,0.629054370064416,0.828350635824281,-0.121408753524094,-1.14853271899356,-0.642247302059344,0.347839172379481,-0.952788152491078,2.09859637425639,-0.586569367908056,0.183145514442742,0.41995652518972,-0.302087873739944,-1.06724569826332,-1.2664389565128,-2.39317398277934,0.51643304493739,0.261057948790164,-0.829321184726861,0.166612792624068,-0.109013100866758,0.877463159365807,-0.189770282501234,-0.861020685186564,-0.516136250675678,-0.508162128248085,0.139779619165184,-0.732710365616517,2.18779486679214,0.394140597436131,1.09679452612451,0.263001149190212,0.963138853410805,2.72582797981759,-1.93589301367811,0.34383455927609,2.42949003389274,1.04989672002462,0.509229654181291,1.25880232722492,1.23423010139808,-1.65696041656111,0.767576944418154,-0.940468039864072
22.5,2.94744617134595,0.907531308271831,-2.85013055889825,0.59601906292634,0.984283432241035,-0.43265189888389,0.504592346099419,1.21342038305446,0.375438330891067,0.242827364997897,-1.22516108987898,-0.430913215968511,1.48535355700054,-0.0429750602427771,-1.13237874107803,-0.55638100751516,-0.109862899100547,1.00464141698721,1.46965804358251,-0.752946607572852,-0.164148996946464,1.22367457197573,-1.41949965067304,-0.469172849697034,0.601619804912247,-0.853293531905291,-0.783468081921071,-0.501645578945167,-1.48096976670621,0.132311074746358,1.79276928728557,-0.0168288958838752,-0.577214724648009,-0.163512385259116,0.778655628236591,2.65935549602138,-0.485965408302541,-0.838616655449154,-0.888394640289206,-2.19315472358318,-1.70089637032489,-0.0483572786235659,-0.191652998141223,1.23982395822333,-1.48871502883987,-0.100496030478646,2.32423551055259,-0.183229033227129,0.129252822839472,1.60180866328892,0.243520837909815,0.433175089297879,-1.64995295495944,-1.5541340332831,0.502491524050582,-0.947782304418443,1.72390667848828,-0.11575045292076,-1.38626338250985,1.65321180023779,-0.401209156806666,-2.54957225137849,1.38798921260007,1.24152429572213,0.117444563081688,0.415732117802103,0.894288006386669,-0.680161139599392,0.546009208916125,1.335919011057,0.0711771116872043,-1.25784771357196,-0.214460670448486,-0.658425973033854,-0.953517449343962,-2.10775705005173,0.813097779546234,-0.778692942693154,0.527325420322299,0.771363924863342,2.39671275494779,1.56810569957229,1.77116849092203,-0.728721377652135,-1.64117043081109,0.291461932863908,-0.0238776872024384,0.37787437982927,0.256426847893563,-0.950669456720335,1.25310092850133,2.05542158898865,0.578447453030431,-0.714332751162396,1.29129663068177,2.29880397705327,0.148547055293741,0.525181768508967,-1.18220064426792,0.407346171457579
23,-2.7217339537488,0.277784387430665,-1.28404900373231,-0.536676471916812,0.544642853418612,0.16244124543815,-1.1353524184237,2.30304085124282,-0.200775791287736,-0.595263154834182,1.41006196823191,0.368841185631455,-0.397137444733782,-1.69446917886874,0.270770178165603,0.543146726361373,0.669977905751067,0.321414835979655,-1.36498751995418,0.985322426490088,-0.501321025926559,1.0560573641805,-0.45407563300499,-1.14303877532969,0.82444555647787,-1.58920281439957,1.51452718445944,-1.50838133719008,-0.178961114180012,0.359198208482582,-0.0835318714463926,-0.120806503376969,0.056657575038637,0.192937657263454,-1.96119671976647,-0.212708494632049,-1.29901836608491,0.228463577439299,0.105305131725243,1.50007897691273,0.271212506379101,-0.878559133077144,0.344661579685257,-0.638666114059993,-0.885189989849182,0.862858298451816,1.94619293740983,-0.792848406278183,1.2439752084611,0.709975692884365,2.27237258528405,-0.0355134389767178,0.560633581656785,-0.403780677846065,0.623679405396488,-0.0104816723215957,0.713699263499296,0.733592699036958,-1.16483597609497,1.78710936822881,0.527830041792329,-0.931227165511417,-1.27029800912686,2.20477128829336,-1.05698086849435,-0.211584322946552,2.41145720874277,-2.98027957228523,2.45724969345687,1.85395811263886,0.64851076613821,-1.35084106095206,-0.540396834266295,0.112533946870874,-0.634461182248352,0.824610474071865,-0.0541769774542533,4.49428558560755,-1.84966218485621,0.00258676161278926,1.10142538820156,1.29987290846494,0.10921944426611,1.96379226690973,-1.68227307481453,-0.477901451889536,-0.0661088647126601,0.700956490066651,0.692014454678399,-1.07298382239089,1.66140533972929,-0.326935911704591,-0.647245678828609,-0.428692043106206,1.01064398098796,-2.22731805801809,-0.826951313385714,0.711177737491512,-1.33266766707294,-0.931387424346131
23.5,0.24415185736806,2.70001397169325,-1.50403415382297,-0.856055804277144,-0.1524856057578,1.25657011761832,0.23959145785888,0.306181983972132,-0.358090563061879,0.473692159699848,1.73581208886388,0.603398578981988,0.582842082623742,-0.55425612567921,0.200667398370908,1.04823949233739,-0.97304975611228,-0.00253790030790058,-0.252364712070774,0.154798505428053,0.928035331783713,-0.322994707131425,-0.393195679025852,0.866290034828347,0.54539730415827,-2.62206795857101,2.58177197597423,-1.12144277313519,-0.872235351352984,0.238021784833763,-1.44679503466311,-1.48878849955658,-0.183558511710512,0.880451933488428,0.267141816427052,-0.326490719132178,1.15742229813496,-0.843526703450646,0.197587817763777,0.843575235026219,-1.18555471749385,-0.91828970311402,-0.939771523689659,1.1087094479729,0.84044005137452,-0.276440939594203,-2.04592501310848,0.396735474818547,0.892948250553698,0.942810248282527,1.13718560164166,1.05176769018638,-0.545578855989353,2.9603241915267,-0.145277011625414,-0.439384376951972,-0.810325260437241,-0.204328049313093,-1.16478773653357,-1.16328100937805,-0.319725802560238,2.45547008242626,-0.937415789647056,0.426851487384349,-1.05120144220037,0.15255651913043,-0.0276234309567867,-0.145752323190396,0.481267141026622,0.664277989998731,-0.0617693256475014,0.0699732381233649,3.54263052422577,0.705158232505265,-0.577975277499715,1.69622196566636,3.42875117783983,1.44149036869372,-0.862266239427536,0.6099718345796,0.526481098078287,0.431398565436677,-0.46679451801873,-0.617357160780867,0.725162399324111,0.721504826947419,-0.880408627969205,-1.83150410614407,1.20977525085624,-1.89598790885779,-1.35342957491135,-0.961356693777099,-2.41696482824318,-2.13806286342517,-0.213846198497449,-2.19764736690017,-0.54973154772313,-0.789761326480412,0.549147177948496,0.44526759834772
24,-0.0607969289159724,-1.57308740890966,0.467867511412449,-2.08457411597828,0.730339090254834,1.29732615476318,0.607438317238173,-1.40309305801983,1.9244006942483,-1.6575162459191,0.961170296296578,-1.43953993287605,1.08689810093493,0.424706567778893,-0.365227861155843,0.67303482932334,0.538548898355013,-0.173831790210445,-1.45391307330308,-0.0457849309187129,-0.359418097243754,-1.30530948223885,0.665851497667418,0.10662836682532,-0.362481811258231,-0.16686268942471,1.39388994720529,0.998267136414774,0.562932588553025,-0.669758377770122,0.747208034399951,-1.22318497604708,2.37407765574564,2.23387858295125,1.04482924672838,2.44224355608743,0.995996247351707,1.28997408822055,0.165967304085602,1.79335933538703,0.662273075796275,-1.27924297188804,2.33983073425638,-1.18546688063174,0.553891409888519,0.187203013053786,-1.8971201021507,-2.24252372181292,0.168936388924219,0.0876465645967343,-1.2108666773979,1.48468382715559,0.317140808062917,2.25964915252018,-1.16237865130846,-0.971369408651304,0.947269852421952,-1.18940918069254,0.844556655922789,-0.213066561492804,0.245818750642191,0.971385413713933,0.0781611869184551,0.431256080312614,0.258371266704618,-1.82025245248261,-0.157116706979364,1.44982767786537,-0.0844096794748941,0.828384497144623,1.88646565984842,-0.947289851333501,2.90782644767111,1.18201554518245,-0.300317042898581,1.88925342879837,1.16418992757512,-0.196664618090975,0.688711509762213,-1.7314046734423,-0.625306743058955,-0.306932165668008,0.0928885572878437,-0.178029812671635,1.57649906124673,2.78671875801352,0.0186011591450257,-0.934273232690358,0.937651661175307,0.217101405254239,-1.12313523303795,1.65397246636246,0.0290479001942532,-0.882753006440837,-1.19546278132414,0.0886631056735231,-0.00170347363825618,-2.58815848919615,0.535345670096894,-0.604732132895987
24.5,1.55640222302779,-0.920124887056674,1.03191706905198,-1.00659691129735,-1.13904489959311,0.0567924474179693,0.400830100214457,-0.761305882062858,1.38249770438914,-1.45489931912417,-0.781412894566932,0.675214621622023,1.07372968500434,-1.81329684431945,2.41049643727507,-0.437073043638622,-1.40817900853828,1.29089572659518,0.109527560879513,1.00379455968092,2.06314609255579,-1.32667593989458,1.73422970217163,0.57794251087016,0.854196013618311,-1.48103914965035,-1.24243256704808,-1.1405957757508,-0.690703268406842,0.146026930244447,1.06014218333653,1.34606650620321,-0.821274023232322,0.773481505399346,2.27148663512611,-0.104700681419226,2.24070944598016,-1.60130250513006,-1.05157273827572,-0.09572935333547,-1.54289046614986,0.0670808671542272,0.514280873729217,1.34372316228267,0.754605714304577,0.340404895396102,0.639869820770513,-1.67942925563769,1.01947403491962,-0.888950241059082,-0.823974690395834,-2.01436129207883,0.522195539818628,-0.0891914021153588,-2.29764428257798,-0.446063347175568,1.71563356829977,0.0690355274230105,1.70230974678895,-0.0821764771878068,0.0652750746294671,-0.917147388606547,0.428449938821561,0.0710714060428583,2.03693695638802,-0.596599957674941,0.445970508919481,2.11336279658945,-1.11620834744009,-1.74011847754177,2.64924920717969,1.45738849406286,-0.439037372229,0.590601359270681,-2.37609430583103,0.607256808649322,-0.958052184197814,-1.07164561500382,0.172304450655143,0.0779161483516435,-1.0815032789842,-3.27423170855723,-0.352757795547742,0.351505970472348,1.01630005929258,0.205391561523339,1.73091822393179,-0.564567824816726,0.983800545181543,0.154590014571439,-1.34045485721025,0.545260751595549,0.524389303848334,-0.420658489027785,-1.12251156518371,0.527491305460224,-1.28536045998904,-2.08797021753671,-0.667406422368126,-0.562322060498693
25,-0.567698251292287,-3.48836741835677,0.202998211786392,-0.595041236475934,0.807490084630714,-1.93339564090033,0.905249553328026,0.658934348321847,0.433453020579113,-1.35535017802698,1.00275420412232,0.00399691958057641,-0.0771904990685404,0.93011220666611,2.24434625480189,-0.653427684722067,-0.387022653463461,0.849307702500188,1.84313315115143,0.179330496907069,2.56450354650347,0.0878239449032917,-1.70865143644654,1.69345894500552,-0.326601987395611,-1.03205498577365,-0.623074117931975,0.841630733620139,-1.11740339474862,-0.744368369613971,-1.80002738035826,-0.0357711873827948,-2.12023298510901,0.0211843745065427,1.04441385871268,-1.85506358470385,0.0259542935555768,1.44945318318665,-0.465953060055598,-0.905910982001684,-2.12563280822353,0.664556264646583,1.78111075746795,1.32812185545322,1.32236162393903,1.77277078096859,-0.642891367140257,-1.2358941929055,2.0402685724287,-0.381319205369068,-0.140148799366788,-0.221002480095348,-1.8626192489292,-0.210089443951068,0.909910589363232,0.142802042289277,1.18633168047838,-1.68764128678178,0.533678820272653,-0.57729713873468,1.14396718648876,-1.98606813745829,2.79659293002827,-2.0016805335032,-1.56246180520663,-1.40415425552873,0.616605946153888,-0.0491830786760485,0.0801597297909188,-0.935221555027363,-1.90528988090699,1.15036246642088,-0.0561166153842126,-0.241283769579145,-2.65677584195544,1.08212254204465,-2.23072612155009,-1.97810593376812,-0.733233659587347,0.168063405340714,1.08326287851114,-1.59726411647351,-0.0208895839018618,-1.64213822579943,1.51916479488136,-1.06220735880549,-1.04244895524851,-1.61029735484386,-1.65423339446352,0.245022861948496,0.537315610712468,-0.423190068939855,0.542856640899506,1.14526817125592,-2.0479054455958,1.2306831036559,1.58899741484934,0.816717833879913,-1.31317828804615,0.906571718891039
